method,metric,factor,reference,alternative,n_seeds,mean_difference,sd_difference,cohen_dz,ci95_low,ci95_high,p_value_two_sided,permutations,unit,bootstrap_draws,bootstrap_seed,contrast,p_value_holm
tent,absolute_hysteresis,trajectory,A-B-A,A-B-C-A,5,0.0874866666666668,0.005266018478630818,16.6134370818641,0.08390888888888921,0.09185333333333319,0.0625,32,source-training-seed,10000,20260918,additional_shift,1.0
tent,absolute_hysteresis,trajectory,A-B-C-A,A-C-B-A,5,-0.0192177777777778,0.010038526403097423,-1.9144022744063398,-0.028212722222222358,-0.0140555555555554,0.0625,32,source-training-seed,10000,20260919,order_reversal,1.0
tent,absolute_hysteresis,trajectory,A-B-A,A-B-A-B-A,5,0.1212000000000002,0.004325698402185094,28.018596936572585,0.117668888888889,0.1244644444444446,0.0625,32,source-training-seed,10000,20260920,recurrence,1.0
tent,absolute_hysteresis,pass_count,1,2,5,0.055479999999999995,0.010349821522884219,5.360478910416921,0.0474466666666666,0.0635133333333334,0.0625,32,source-training-seed,10000,20260921,pass_1_to_2,1.0
tent,absolute_hysteresis,pass_count,1,4,5,0.1843466666666666,0.018912828722266184,9.747175812449155,0.1696116666666666,0.19908166666666657,0.0625,32,source-training-seed,10000,20260922,pass_1_to_4,1.0
tent,absolute_hysteresis,learning_rate,0.001,0.0001,5,-0.21975166666666662,0.047581531416553045,-4.618423579998891,-0.2551399999999998,-0.1823466666666668,0.0625,32,source-training-seed,10000,20260923,lr_mid_to_low,1.0
tent,absolute_hysteresis,learning_rate,0.001,0.01,5,0.49357333333333325,0.03456317906706809,14.280322199979908,0.46743500000000004,0.5197116666666665,0.0625,32,source-training-seed,10000,20260924,lr_mid_to_high,1.0
tent,update_induced_hysteresis,trajectory,A-B-A,A-B-C-A,5,0.0874866666666668,0.005266018478630818,16.6134370818641,0.08390888888888921,0.0918533333333332,0.0625,32,source-training-seed,10000,20260925,additional_shift,1.0
tent,update_induced_hysteresis,trajectory,A-B-C-A,A-C-B-A,5,-0.0192177777777778,0.010038526403097423,-1.9144022744063398,-0.028206666666666803,-0.0140555555555554,0.0625,32,source-training-seed,10000,20260926,order_reversal,1.0
tent,update_induced_hysteresis,trajectory,A-B-A,A-B-A-B-A,5,0.1212000000000002,0.004325698402185094,28.018596936572585,0.117668888888889,0.1244644444444446,0.0625,32,source-training-seed,10000,20260927,recurrence,1.0
tent,update_induced_hysteresis,pass_count,1,2,5,0.055479999999999995,0.010349821522884219,5.360478910416921,0.0474466666666666,0.0635133333333334,0.0625,32,source-training-seed,10000,20260928,pass_1_to_2,1.0
tent,update_induced_hysteresis,pass_count,1,4,5,0.1843466666666666,0.018912828722266184,9.747175812449155,0.1696116666666666,0.19908166666666657,0.0625,32,source-training-seed,10000,20260929,pass_1_to_4,1.0
tent,update_induced_hysteresis,learning_rate,0.001,0.0001,5,-0.21975166666666662,0.047581531416553045,-4.618423579998891,-0.2551399999999998,-0.1823466666666668,0.0625,32,source-training-seed,10000,20260930,lr_mid_to_low,1.0
tent,update_induced_hysteresis,learning_rate,0.001,0.01,5,0.49357333333333325,0.03456317906706809,14.280322199979908,0.46743500000000004,0.5197116666666665,0.0625,32,source-training-seed,10000,20260931,lr_mid_to_high,1.0
tent,target_accuracy,trajectory,A-B-A,A-B-C-A,5,0.0408052777777778,0.015711856473214082,2.5971009757722476,0.026989999999999997,0.0503605555555558,0.0625,32,source-training-seed,10000,20260932,additional_shift,1.0
tent,target_accuracy,trajectory,A-B-C-A,A-C-B-A,5,0.06452750000000021,0.014627841749343272,4.411279606774336,0.0548086111111112,0.077006666666667,0.0625,32,source-training-seed,10000,20260933,order_reversal,1.0
tent,target_accuracy,trajectory,A-B-A,A-B-A-B-A,5,0.018302037037037,0.011571379879017438,1.5816641773401947,0.0087412962962962,0.026696851851851798,0.0625,32,source-training-seed,10000,20260934,recurrence,1.0
tent,target_accuracy,pass_count,1,2,5,-0.0513955555555556,0.00692895791608323,-7.417501473960207,-0.05676125,-0.046446944444444596,0.0625,32,source-training-seed,10000,20260935,pass_1_to_2,1.0
tent,target_accuracy,pass_count,1,4,5,-0.1201568750000002,0.011872166065556874,-10.120889005132371,-0.129316041666667,-0.111315625,0.0625,32,source-training-seed,10000,20260936,pass_1_to_4,1.0
tent,target_accuracy,learning_rate,0.001,0.0001,5,0.12259145833333321,0.02902336810542457,4.223888071433737,0.09760187499999981,0.14251541666666662,0.0625,32,source-training-seed,10000,20260937,lr_mid_to_low,1.0
tent,target_accuracy,learning_rate,0.001,0.01,5,-0.3396024305555554,0.022905902089586365,-14.82597931429855,-0.35758284722222217,-0.3214401388888886,0.0625,32,source-training-seed,10000,20260938,lr_mid_to_high,1.0
eata,absolute_hysteresis,trajectory,A-B-A,A-B-C-A,5,0.06281111111111119,0.007325109024596179,8.574768088803138,0.0572955555555556,0.0689866666666666,0.0625,32,source-training-seed,10000,20260939,additional_shift,1.0
eata,absolute_hysteresis,trajectory,A-B-C-A,A-C-B-A,5,-0.0492466666666666,0.017131437061801546,-2.8746372233111313,-0.0612733333333332,-0.033988888888888805,0.0625,32,source-training-seed,10000,20260940,order_reversal,1.0
eata,absolute_hysteresis,trajectory,A-B-A,A-B-A-B-A,5,0.062331111111111406,0.006500471967670115,9.588705469558695,0.0582177777777782,0.06782666666666659,0.0625,32,source-training-seed,10000,20260941,recurrence,1.0
eata,absolute_hysteresis,pass_count,1,2,5,0.074605,0.02071319325936997,3.601810646277398,0.0572616666666666,0.0887666666666668,0.0625,32,source-training-seed,10000,20260942,pass_1_to_2,1.0
eata,absolute_hysteresis,pass_count,1,4,5,0.0785866666666666,0.0190626977221074,4.122536474757611,0.062375,0.0915816666666664,0.0625,32,source-training-seed,10000,20260943,pass_1_to_4,1.0
eata,absolute_hysteresis,learning_rate,0.001,0.0001,5,-0.08809166666666682,0.014705680827867228,-5.9903154228489255,-0.0985183333333332,-0.07489333333333381,0.0625,32,source-training-seed,10000,20260944,lr_mid_to_low,1.0
eata,absolute_hysteresis,learning_rate,0.001,0.01,5,0.0028883333333336,0.003255852636236598,0.8871204123882556,0.0007516666666669999,0.0057483333333336,0.0625,32,source-training-seed,10000,20260945,lr_mid_to_high,1.0
eata,update_induced_hysteresis,trajectory,A-B-A,A-B-C-A,5,0.06281111111111119,0.007325109024596179,8.574768088803138,0.0572955555555556,0.06854,0.0625,32,source-training-seed,10000,20260946,additional_shift,1.0
eata,update_induced_hysteresis,trajectory,A-B-C-A,A-C-B-A,5,-0.0492466666666666,0.017131437061801546,-2.8746372233111313,-0.0612733333333332,-0.033988888888888805,0.0625,32,source-training-seed,10000,20260947,order_reversal,1.0
eata,update_induced_hysteresis,trajectory,A-B-A,A-B-A-B-A,5,0.062331111111111406,0.006500471967670115,9.588705469558695,0.0582177777777782,0.06794888888888899,0.0625,32,source-training-seed,10000,20260948,recurrence,1.0
eata,update_induced_hysteresis,pass_count,1,2,5,0.074605,0.02071319325936997,3.601810646277398,0.0572616666666666,0.0887666666666668,0.0625,32,source-training-seed,10000,20260949,pass_1_to_2,1.0
eata,update_induced_hysteresis,pass_count,1,4,5,0.0785866666666666,0.0190626977221074,4.122536474757611,0.062375,0.0915816666666664,0.0625,32,source-training-seed,10000,20260950,pass_1_to_4,1.0
eata,update_induced_hysteresis,learning_rate,0.001,0.0001,5,-0.08809166666666682,0.014705680827867228,-5.9903154228489255,-0.0985183333333332,-0.07585500000000041,0.0625,32,source-training-seed,10000,20260951,lr_mid_to_low,1.0
eata,update_induced_hysteresis,learning_rate,0.001,0.01,5,0.0028883333333336,0.003255852636236598,0.8871204123882556,0.000786666666667,0.0057483333333336,0.0625,32,source-training-seed,10000,20260952,lr_mid_to_high,1.0
eata,target_accuracy,trajectory,A-B-A,A-B-C-A,5,-0.023036944444444398,0.004474108966226537,-5.148945771849127,-0.026398333333333402,-0.0194855555555552,0.0625,32,source-training-seed,10000,20260953,additional_shift,1.0
eata,target_accuracy,trajectory,A-B-C-A,A-C-B-A,5,0.0736325000000002,0.005247168971407901,14.032805194806485,0.06947444444444459,0.077927777777778,0.0625,32,source-training-seed,10000,20260954,order_reversal,1.0
eata,target_accuracy,trajectory,A-B-A,A-B-A-B-A,5,-0.025950555555555598,0.0023867477664281374,-10.872768342166141,-0.027777222222222397,-0.024109999999999798,0.0625,32,source-training-seed,10000,20260955,recurrence,1.0
eata,target_accuracy,pass_count,1,2,5,-0.0535394444444444,0.004321299742229341,-12.389662286380444,-0.05665041666666659,-0.0501880555555554,0.0625,32,source-training-seed,10000,20260956,pass_1_to_2,1.0
eata,target_accuracy,pass_count,1,4,5,-0.08345618055555559,0.00828640925576785,-10.071452903133522,-0.0894245138888892,-0.07722506944444439,0.0625,32,source-training-seed,10000,20260957,pass_1_to_4,1.0
eata,target_accuracy,learning_rate,0.001,0.0001,5,0.1522785416666664,0.023273217187357344,6.5430808487186,0.1351897916666664,0.16917999999999983,0.0625,32,source-training-seed,10000,20260958,lr_mid_to_low,1.0
eata,target_accuracy,learning_rate,0.001,0.01,5,-0.0208741666666666,0.002585016889529822,-8.075060070676487,-0.0227599305555554,-0.0185504166666668,0.0625,32,source-training-seed,10000,20260959,lr_mid_to_high,1.0
sar,absolute_hysteresis,trajectory,A-B-A,A-B-C-A,5,0.011088888888888999,0.03103914394422178,0.357254984506533,-0.0142844444444442,0.0347422222222224,0.5,32,source-training-seed,10000,20260960,additional_shift,1.0
sar,absolute_hysteresis,trajectory,A-B-C-A,A-C-B-A,5,-0.0029755555555556006,0.03773362894138879,-0.07885686161215759,-0.031391111111110995,0.025048888888888798,0.9375,32,source-training-seed,10000,20260961,order_reversal,1.0
sar,absolute_hysteresis,trajectory,A-B-A,A-B-A-B-A,5,-0.00262,0.022035415377618862,-0.11889950586822638,-0.022780000000000196,0.0089644444444446,1.0,32,source-training-seed,10000,20260962,recurrence,1.0
sar,absolute_hysteresis,pass_count,1,2,5,-0.0027949999999999997,0.010092037565438383,-0.27695101032638586,-0.010826666666666398,0.004528333333333199,0.6875,32,source-training-seed,10000,20260963,pass_1_to_2,1.0
sar,absolute_hysteresis,pass_count,1,4,5,0.010929999999999999,0.016364719631301615,0.6679002296558533,-0.0029333333333332002,0.0239699999999998,0.3125,32,source-training-seed,10000,20260964,pass_1_to_4,1.0
sar,absolute_hysteresis,learning_rate,0.001,0.0001,5,-0.0163416666666666,0.0020048292390568065,-8.151151403974293,-0.0178466666666666,-0.0146083333333334,0.0625,32,source-training-seed,10000,20260965,lr_mid_to_low,1.0
sar,absolute_hysteresis,learning_rate,0.001,0.01,5,0.0694616666666666,0.01808121396950728,3.8416483972707205,0.0544466666666666,0.08307833333333318,0.0625,32,source-training-seed,10000,20260966,lr_mid_to_high,1.0
sar,update_induced_hysteresis,trajectory,A-B-A,A-B-C-A,5,0.011088888888888999,0.03103914394422178,0.357254984506533,-0.0142844444444442,0.0347422222222224,0.5,32,source-training-seed,10000,20260967,additional_shift,1.0
sar,update_induced_hysteresis,trajectory,A-B-C-A,A-C-B-A,5,-0.0029755555555556006,0.03773362894138879,-0.07885686161215759,-0.031391111111110995,0.025048888888888798,0.9375,32,source-training-seed,10000,20260968,order_reversal,1.0
sar,update_induced_hysteresis,trajectory,A-B-A,A-B-A-B-A,5,-0.00262,0.022035415377618862,-0.11889950586822638,-0.022713333333333398,0.0089644444444446,1.0,32,source-training-seed,10000,20260969,recurrence,1.0
sar,update_induced_hysteresis,pass_count,1,2,5,-0.0027949999999999997,0.010092037565438383,-0.27695101032638586,-0.0115566666666666,0.004528333333333199,0.6875,32,source-training-seed,10000,20260970,pass_1_to_2,1.0
sar,update_induced_hysteresis,pass_count,1,4,5,0.010929999999999999,0.016364719631301615,0.6679002296558533,-0.0029333333333332007,0.0240549999999998,0.3125,32,source-training-seed,10000,20260971,pass_1_to_4,1.0
sar,update_induced_hysteresis,learning_rate,0.001,0.0001,5,-0.0163416666666666,0.0020048292390568065,-8.151151403974293,-0.0178166666666666,-0.0146083333333334,0.0625,32,source-training-seed,10000,20260972,lr_mid_to_low,1.0
sar,update_induced_hysteresis,learning_rate,0.001,0.01,5,0.0694616666666666,0.01808121396950728,3.8416483972707205,0.055845,0.08307833333333318,0.0625,32,source-training-seed,10000,20260973,lr_mid_to_high,1.0
sar,target_accuracy,trajectory,A-B-A,A-B-C-A,5,0.06777055555555558,0.017343938935129293,3.907448925473882,0.0523213888888888,0.07936722222222219,0.0625,32,source-training-seed,10000,20260974,additional_shift,1.0
sar,target_accuracy,trajectory,A-B-C-A,A-C-B-A,5,0.0118436111111112,0.010014999485724888,1.182587290992153,0.004271666666667001,0.0193388888888888,0.125,32,source-training-seed,10000,20260975,order_reversal,1.0
sar,target_accuracy,trajectory,A-B-A,A-B-A-B-A,5,0.0819737037037034,0.007143112269718839,11.475908624761118,0.07747999999999959,0.08812688425925898,0.0625,32,source-training-seed,10000,20260976,recurrence,1.0
sar,target_accuracy,pass_count,1,2,5,-0.0044973611111112,0.003262699783391293,-1.3784170808497078,-0.0069313888888887995,-0.0018548611111114,0.0625,32,source-training-seed,10000,20260977,pass_1_to_2,1.0
sar,target_accuracy,pass_count,1,4,5,-0.016580486111111,0.003916735505637849,-4.233241199780947,-0.0196099305555556,-0.013551041666666399,0.0625,32,source-training-seed,10000,20260978,pass_1_to_4,1.0
sar,target_accuracy,learning_rate,0.001,0.0001,5,0.0128186805555556,0.005522381702203493,2.3212232052776796,0.008095763888889001,0.0166944444444444,0.0625,32,source-training-seed,10000,20260979,lr_mid_to_low,1.0
sar,target_accuracy,learning_rate,0.001,0.01,5,-0.0676821527777778,0.015386308447129553,-4.398855840590176,-0.08038645833333338,-0.0549426388888888,0.0625,32,source-training-seed,10000,20260980,lr_mid_to_high,1.0
cotta,absolute_hysteresis,trajectory,A-B-A,A-B-C-A,5,8.888888889000117e-06,0.003734328571047628,0.002380317832211114,-0.0029333333333332002,0.0029511111111112003,1.0,32,source-training-seed,10000,20260981,additional_shift,1.0
cotta,absolute_hysteresis,trajectory,A-B-C-A,A-C-B-A,5,0.004493333333333199,0.0030708566384361415,1.4632182033810166,0.0024088888888887995,0.007028888888888798,0.0625,32,source-training-seed,10000,20260982,order_reversal,1.0
cotta,absolute_hysteresis,trajectory,A-B-A,A-B-A-B-A,5,0.0085177777777778,0.0034646325941356253,2.4584938074517133,0.006240000000000001,0.011660000000000201,0.0625,32,source-training-seed,10000,20260983,recurrence,1.0
cotta,absolute_hysteresis,pass_count,1,2,5,0.00269,0.001091418546866938,2.464682323497253,0.0018199999999998003,0.0035233333333335995,0.0625,32,source-training-seed,10000,20260984,pass_1_to_2,1.0
cotta,absolute_hysteresis,pass_count,1,4,5,0.0101050000000002,0.003874706978168549,2.607939144026967,0.0071183333333334,0.013011666666667,0.0625,32,source-training-seed,10000,20260985,pass_1_to_4,1.0
cotta,absolute_hysteresis,learning_rate,0.001,0.0001,5,-0.0046933333333334,0.0013429781374906897,-3.494720578328057,-0.005778333333333599,-0.0036933333333334,0.0625,32,source-training-seed,10000,20260986,lr_mid_to_low,1.0
cotta,absolute_hysteresis,learning_rate,0.001,0.01,5,0.019473333333333197,0.004130351747194717,4.714691272131784,0.016765,0.022873333333333,0.0625,32,source-training-seed,10000,20260987,lr_mid_to_high,1.0
cotta,update_induced_hysteresis,trajectory,A-B-A,A-B-C-A,5,8.888888889000117e-06,0.003734328571047628,0.002380317832211114,-0.0029333333333332002,0.0029511111111112003,1.0,32,source-training-seed,10000,20260988,additional_shift,1.0
cotta,update_induced_hysteresis,trajectory,A-B-C-A,A-C-B-A,5,0.004493333333333199,0.0030708566384361415,1.4632182033810166,0.0022222222222221997,0.006984444444444399,0.0625,32,source-training-seed,10000,20260989,order_reversal,1.0
cotta,update_induced_hysteresis,trajectory,A-B-A,A-B-A-B-A,5,0.0085177777777778,0.0034646325941356253,2.4584938074517133,0.0062733333333334,0.011660000000000201,0.0625,32,source-training-seed,10000,20260990,recurrence,1.0
cotta,update_induced_hysteresis,pass_count,1,2,5,0.00269,0.001091418546866938,2.464682323497253,0.0018199999999998003,0.0035233333333335995,0.0625,32,source-training-seed,10000,20260991,pass_1_to_2,1.0
cotta,update_induced_hysteresis,pass_count,1,4,5,0.0101050000000002,0.003874706978168549,2.607939144026967,0.0070283333333334,0.013011666666667,0.0625,32,source-training-seed,10000,20260992,pass_1_to_4,1.0
cotta,update_induced_hysteresis,learning_rate,0.001,0.0001,5,-0.0046933333333334,0.0013429781374906897,-3.494720578328057,-0.005778333333333599,-0.0036933333333334,0.0625,32,source-training-seed,10000,20260993,lr_mid_to_low,1.0
cotta,update_induced_hysteresis,learning_rate,0.001,0.01,5,0.019473333333333197,0.004130351747194717,4.714691272131784,0.016765,0.022929999999999798,0.0625,32,source-training-seed,10000,20260994,lr_mid_to_high,1.0
cotta,target_accuracy,trajectory,A-B-A,A-B-C-A,5,0.0759655555555552,0.01318417032009672,5.761876076476378,0.0644291666666664,0.08519222222222181,0.0625,32,source-training-seed,10000,20260995,additional_shift,1.0
cotta,target_accuracy,trajectory,A-B-C-A,A-C-B-A,5,-0.0040786111111112,0.004253424387486105,-0.9589005797565795,-0.0073530555555556005,-0.0008041666666667999,0.0625,32,source-training-seed,10000,20260996,order_reversal,1.0
cotta,target_accuracy,trajectory,A-B-A,A-B-A-B-A,5,0.0881935185185184,0.00651618855665606,13.534525244582094,0.0832494444444446,0.0934646296296294,0.0625,32,source-training-seed,10000,20260997,recurrence,1.0
cotta,target_accuracy,pass_count,1,2,5,0.0002641666666666,0.001415303044016905,0.18665024977042632,-0.0007365277777776,0.0015630555555551998,0.9375,32,source-training-seed,10000,20260998,pass_1_to_2,1.0
cotta,target_accuracy,pass_count,1,4,5,-0.004137152777778,0.0032870529503314554,-1.2586206672943383,-0.0062797916666668,-0.0013106250000002,0.125,32,source-training-seed,10000,20260999,pass_1_to_4,1.0
cotta,target_accuracy,learning_rate,0.001,0.0001,5,0.003984652777778,0.0011563290450959146,3.4459506095408017,0.0031925000000004,0.0050247916666668006,0.0625,32,source-training-seed,10000,20261000,lr_mid_to_low,1.0
cotta,target_accuracy,learning_rate,0.001,0.01,5,-0.0068024305555554,0.00830599186902676,-0.8189787159462344,-0.013774097222222201,-0.0006527083333331998,0.1875,32,source-training-seed,10000,20261001,lr_mid_to_high,1.0
rotta,absolute_hysteresis,trajectory,A-B-A,A-B-C-A,5,1.1111111111e-05,1.3608276348659348e-05,0.8164965809277261,2.2222222221999997e-06,2.2222222221999996e-05,0.25,32,source-training-seed,10000,20261002,additional_shift,1.0
rotta,absolute_hysteresis,trajectory,A-B-C-A,A-C-B-A,5,-2.2222222222e-06,2.6527414191542106e-05,-0.08377078165833911,-2.2222222222e-05,1.7777777777599998e-05,1.0,32,source-training-seed,10000,20261003,order_reversal,1.0
rotta,absolute_hysteresis,trajectory,A-B-A,A-B-A-B-A,5,9.777777777779999e-05,0.0001379747695669017,0.7086641861024392,-2.222222222199999e-06,0.00020888888888899999,0.25,32,source-training-seed,10000,20261004,recurrence,1.0
rotta,absolute_hysteresis,pass_count,1,2,5,-1.5000000000199998e-05,2.4579802006356088e-05,-0.6102571532643408,-3.1666666667000004e-05,6.666666666600001e-06,0.3125,32,source-training-seed,10000,20261005,pass_1_to_2,1.0
rotta,absolute_hysteresis,pass_count,1,4,5,0.0001033333333334,0.00011174126861214804,0.9247553264503212,1.83333333336e-05,0.0001916666666666,0.125,32,source-training-seed,10000,20261006,pass_1_to_4,1.0
rotta,absolute_hysteresis,learning_rate,0.001,0.0001,5,2e-05,4.022506128732988e-05,0.49720247427689107,0.0,5.666666666680001e-05,0.5,32,source-training-seed,10000,20261007,lr_mid_to_low,1.0
rotta,absolute_hysteresis,learning_rate,0.001,0.01,5,7.33333333336e-05,0.0001113989327697096,0.6582947566041676,-1.1666666666400005e-05,0.000156666666667,0.25,32,source-training-seed,10000,20261008,lr_mid_to_high,1.0
rotta,update_induced_hysteresis,trajectory,A-B-A,A-B-C-A,5,1.1111111111e-05,1.3608276348659348e-05,0.8164965809277261,2.2222222221999997e-06,2.2222222221999996e-05,0.25,32,source-training-seed,10000,20261009,additional_shift,1.0
rotta,update_induced_hysteresis,trajectory,A-B-C-A,A-C-B-A,5,-2.2222222222e-06,2.6527414191542106e-05,-0.08377078165833911,-2.2222222222e-05,1.7777777777599998e-05,1.0,32,source-training-seed,10000,20261010,order_reversal,1.0
rotta,update_induced_hysteresis,trajectory,A-B-A,A-B-A-B-A,5,9.777777777779999e-05,0.0001379747695669017,0.7086641861024392,-2.222222222199999e-06,0.00020888888888899999,0.25,32,source-training-seed,10000,20261011,recurrence,1.0
rotta,update_induced_hysteresis,pass_count,1,2,5,-1.5000000000199998e-05,2.4579802006356088e-05,-0.6102571532643408,-3.1666666667e-05,6.666666666600001e-06,0.3125,32,source-training-seed,10000,20261012,pass_1_to_2,1.0
rotta,update_induced_hysteresis,pass_count,1,4,5,0.0001033333333334,0.00011174126861214804,0.9247553264503212,1.83333333336e-05,0.00019166666666660002,0.125,32,source-training-seed,10000,20261013,pass_1_to_4,1.0
rotta,update_induced_hysteresis,learning_rate,0.001,0.0001,5,2e-05,4.022506128732988e-05,0.49720247427689107,0.0,5.666666666680001e-05,0.5,32,source-training-seed,10000,20261014,lr_mid_to_low,1.0
rotta,update_induced_hysteresis,learning_rate,0.001,0.01,5,7.33333333336e-05,0.0001113989327697096,0.6582947566041676,-1.1666666666400005e-05,0.000156666666667,0.25,32,source-training-seed,10000,20261015,lr_mid_to_high,1.0
rotta,target_accuracy,trajectory,A-B-A,A-B-C-A,5,0.07550277777777781,0.012329228233233317,6.123885157244538,0.0646883333333334,0.083011388888889,0.0625,32,source-training-seed,10000,20261016,additional_shift,1.0
rotta,target_accuracy,trajectory,A-B-C-A,A-C-B-A,5,-1.05555555554e-05,3.4395686816896594e-05,-0.3068860235759174,-3.611111111099999e-05,1.6666666666800004e-05,0.5,32,source-training-seed,10000,20261017,order_reversal,1.0
rotta,target_accuracy,trajectory,A-B-A,A-B-A-B-A,5,0.08833074074074061,0.004808431015475955,18.36997150555925,0.08396666666666641,0.0909175925925926,0.0625,32,source-training-seed,10000,20261018,recurrence,1.0
rotta,target_accuracy,pass_count,1,2,5,-9.5833333334e-06,1.466083901480145e-05,-0.6536688196169914,-2.11111111114e-05,5.555555555999999e-07,0.1875,32,source-training-seed,10000,20261019,pass_1_to_2,1.0
rotta,target_accuracy,pass_count,1,4,5,-3.361111111099999e-05,2.556437611942683e-05,-1.3147635973583687,-5.31249999996e-05,-1.42361111112e-05,0.0625,32,source-training-seed,10000,20261020,pass_1_to_4,1.0
rotta,target_accuracy,learning_rate,0.001,0.0001,5,-1.3749999999999999e-05,2.047374862408311e-05,-0.6715917173968807,-2.89583333334e-05,1.4583333334000003e-06,0.25,32,source-training-seed,10000,20261021,lr_mid_to_low,1.0
rotta,target_accuracy,learning_rate,0.001,0.01,5,-8.402777777600002e-06,9.799063892184809e-05,-0.08575082140551805,-7.8958333333e-05,7.3611111111e-05,0.9375,32,source-training-seed,10000,20261022,lr_mid_to_high,1.0
