job_id,dataset,method,trajectory,seed,habs,hupd,target_accuracy,parameter_drift,result_sha256,runner_sha256,manifest_sha256,dataset_provenance_sha256,method_registry_sha256,implementation_status
modern_baselines_v1_cifar10_s00_source_ABA_bn_affine_frozen_stats_p1_lr0.001_v1,cifar10,source,A-B-A,0,0.0,0.0,0.5909,0.0,sha256:622ff1382115859ebbab445105975945d8237acebee4d501efa577f64448b865,sha256:4b6081c8c67765cb9be875b71881e3cb0fb4a1317d4461567268217491a38c25,sha256:85e5f8ea01a3246df81352eaa85f94a5ad71fc4eb0c05a66b13aeb4af111b41e,sha256:4a909492144b016d792323f19cd239a48b01c5ffc9289e47becb3b87b39f0c9b,sha256:febafded64bc9ff6e08132fab841b865ff709a0479268967b433a27230398780,INDEPENDENT_REIMPLEMENTATION
modern_baselines_v1_cifar10_s00_source_ABCA_bn_affine_frozen_stats_p1_lr0.001_v1,cifar10,source,A-B-C-A,0,0.0,0.0,0.667,0.0,sha256:ca02708f6ba35b78fe9993be2563afd6f2404bc8fa2bec907577b60509443e1f,sha256:4b6081c8c67765cb9be875b71881e3cb0fb4a1317d4461567268217491a38c25,sha256:85e5f8ea01a3246df81352eaa85f94a5ad71fc4eb0c05a66b13aeb4af111b41e,sha256:4a909492144b016d792323f19cd239a48b01c5ffc9289e47becb3b87b39f0c9b,sha256:febafded64bc9ff6e08132fab841b865ff709a0479268967b433a27230398780,INDEPENDENT_REIMPLEMENTATION
modern_baselines_v1_cifar10_s00_tent_ABA_bn_affine_frozen_stats_p1_lr0.001_v1,cifar10,tent,A-B-A,0,0.007399999999999962,0.007399999999999962,0.5683,0.08307081460952759,sha256:5f10e7c81e5c883bf74c7e46826f23c312457ad63c10250fc1632e9ee8504c9b,sha256:4b6081c8c67765cb9be875b71881e3cb0fb4a1317d4461567268217491a38c25,sha256:85e5f8ea01a3246df81352eaa85f94a5ad71fc4eb0c05a66b13aeb4af111b41e,sha256:4a909492144b016d792323f19cd239a48b01c5ffc9289e47becb3b87b39f0c9b,sha256:febafded64bc9ff6e08132fab841b865ff709a0479268967b433a27230398780,INDEPENDENT_REIMPLEMENTATION
modern_baselines_v1_cifar10_s00_tent_ABCA_bn_affine_frozen_stats_p1_lr0.001_v1,cifar10,tent,A-B-C-A,0,0.0049000000000000155,0.0049000000000000155,0.65545,0.10331563651561737,sha256:c7a0ef552a1000cb85961d3e75d3c04461510c78e3f1acaf15c1e84adae530da,sha256:4b6081c8c67765cb9be875b71881e3cb0fb4a1317d4461567268217491a38c25,sha256:85e5f8ea01a3246df81352eaa85f94a5ad71fc4eb0c05a66b13aeb4af111b41e,sha256:4a909492144b016d792323f19cd239a48b01c5ffc9289e47becb3b87b39f0c9b,sha256:febafded64bc9ff6e08132fab841b865ff709a0479268967b433a27230398780,INDEPENDENT_REIMPLEMENTATION
modern_baselines_v1_cifar10_s00_eata_ABA_bn_affine_frozen_stats_p1_lr0.001_v1,cifar10,eata,A-B-A,0,0.7593,0.7593,0.1262,1.1531319618225098,sha256:22433ad4533ac894a0d4e40744e38036300ce6c0384270a3cc87c4ad339bcca5,sha256:4b6081c8c67765cb9be875b71881e3cb0fb4a1317d4461567268217491a38c25,sha256:85e5f8ea01a3246df81352eaa85f94a5ad71fc4eb0c05a66b13aeb4af111b41e,sha256:4a909492144b016d792323f19cd239a48b01c5ffc9289e47becb3b87b39f0c9b,sha256:febafded64bc9ff6e08132fab841b865ff709a0479268967b433a27230398780,INDEPENDENT_REIMPLEMENTATION
modern_baselines_v1_cifar10_s00_eata_ABCA_bn_affine_frozen_stats_p1_lr0.001_v1,cifar10,eata,A-B-C-A,0,0.7601,0.7601,0.1275,1.5867559909820557,sha256:546423047e14cb5e85285b9817b75c5b14b4255bc51703658a7b370d9f4e2e61,sha256:4b6081c8c67765cb9be875b71881e3cb0fb4a1317d4461567268217491a38c25,sha256:85e5f8ea01a3246df81352eaa85f94a5ad71fc4eb0c05a66b13aeb4af111b41e,sha256:4a909492144b016d792323f19cd239a48b01c5ffc9289e47becb3b87b39f0c9b,sha256:febafded64bc9ff6e08132fab841b865ff709a0479268967b433a27230398780,INDEPENDENT_REIMPLEMENTATION
modern_baselines_v1_cifar10_s00_sar_ABA_bn_affine_frozen_stats_p1_lr0.001_v1,cifar10,sar,A-B-A,0,0.0028000000000000247,0.0028000000000000247,0.5936,0.06991460174322128,sha256:71e756c7629d60b9d4837e9c12e9213be17e020ed44cff5cdbdcbdc19bbf66e8,sha256:4b6081c8c67765cb9be875b71881e3cb0fb4a1317d4461567268217491a38c25,sha256:85e5f8ea01a3246df81352eaa85f94a5ad71fc4eb0c05a66b13aeb4af111b41e,sha256:4a909492144b016d792323f19cd239a48b01c5ffc9289e47becb3b87b39f0c9b,sha256:febafded64bc9ff6e08132fab841b865ff709a0479268967b433a27230398780,INDEPENDENT_REIMPLEMENTATION
modern_baselines_v1_cifar10_s00_sar_ABCA_bn_affine_frozen_stats_p1_lr0.001_v1,cifar10,sar,A-B-C-A,0,0.0026999999999999247,0.0026999999999999247,0.6695,0.09621506929397583,sha256:927535f48ed92f35c5dd0156591b1ff4d3e06b18e40958dcc0e0eb6204e2bccd,sha256:4b6081c8c67765cb9be875b71881e3cb0fb4a1317d4461567268217491a38c25,sha256:85e5f8ea01a3246df81352eaa85f94a5ad71fc4eb0c05a66b13aeb4af111b41e,sha256:4a909492144b016d792323f19cd239a48b01c5ffc9289e47becb3b87b39f0c9b,sha256:febafded64bc9ff6e08132fab841b865ff709a0479268967b433a27230398780,INDEPENDENT_REIMPLEMENTATION
modern_baselines_v1_cifar10_s00_cotta_ABA_bn_affine_frozen_stats_p1_lr0.001_v1,cifar10,cotta,A-B-A,0,0.0022999999999999687,0.0022999999999999687,0.5838,0.23758536577224731,sha256:5c343e4394f9847bcdc5be06eedef0701e83badafe706c050f9601c39eb2bd1d,sha256:4b6081c8c67765cb9be875b71881e3cb0fb4a1317d4461567268217491a38c25,sha256:85e5f8ea01a3246df81352eaa85f94a5ad71fc4eb0c05a66b13aeb4af111b41e,sha256:4a909492144b016d792323f19cd239a48b01c5ffc9289e47becb3b87b39f0c9b,sha256:febafded64bc9ff6e08132fab841b865ff709a0479268967b433a27230398780,INDEPENDENT_REIMPLEMENTATION
modern_baselines_v1_cifar10_s00_rotta_ABA_bn_affine_frozen_stats_p1_lr0.001_v1,cifar10,rotta,A-B-A,0,-9.999999999998899e-05,-9.999999999998899e-05,0.5909,3.235193798900582e-05,sha256:6c91e79755a1df0c5c38532874f69e9994644db3da70f0cefb2e541a479ade70,sha256:4b6081c8c67765cb9be875b71881e3cb0fb4a1317d4461567268217491a38c25,sha256:85e5f8ea01a3246df81352eaa85f94a5ad71fc4eb0c05a66b13aeb4af111b41e,sha256:4a909492144b016d792323f19cd239a48b01c5ffc9289e47becb3b87b39f0c9b,sha256:febafded64bc9ff6e08132fab841b865ff709a0479268967b433a27230398780,INDEPENDENT_REIMPLEMENTATION
modern_baselines_v1_cifar10_s00_rotta_ABCA_bn_affine_frozen_stats_p1_lr0.001_v1,cifar10,rotta,A-B-C-A,0,0.0,0.0,0.667,4.331715899752453e-05,sha256:2ef5499ba4f32684045a893b4f9cd31cb6c3a9fd3071c162e68e164fa7cd92be,sha256:4b6081c8c67765cb9be875b71881e3cb0fb4a1317d4461567268217491a38c25,sha256:85e5f8ea01a3246df81352eaa85f94a5ad71fc4eb0c05a66b13aeb4af111b41e,sha256:4a909492144b016d792323f19cd239a48b01c5ffc9289e47becb3b87b39f0c9b,sha256:febafded64bc9ff6e08132fab841b865ff709a0479268967b433a27230398780,INDEPENDENT_REIMPLEMENTATION
modern_baselines_v1_cifar10_s00_cotta_ABCA_bn_affine_frozen_stats_p1_lr0.001_v1,cifar10,cotta,A-B-C-A,0,0.0009000000000000119,0.0009000000000000119,0.6643,0.2159983515739441,sha256:f30bca94b1371ac52d71dba5ccdf12860d898f6b43ae04d80e6b5ffdca67dbf4,sha256:4b6081c8c67765cb9be875b71881e3cb0fb4a1317d4461567268217491a38c25,sha256:85e5f8ea01a3246df81352eaa85f94a5ad71fc4eb0c05a66b13aeb4af111b41e,sha256:4a909492144b016d792323f19cd239a48b01c5ffc9289e47becb3b87b39f0c9b,sha256:febafded64bc9ff6e08132fab841b865ff709a0479268967b433a27230398780,INDEPENDENT_REIMPLEMENTATION
modern_baselines_v1_cifar10_s01_source_ABA_bn_affine_frozen_stats_p1_lr0.001_v1,cifar10,source,A-B-A,1,0.0,0.0,0.5945,0.0,sha256:3d954f6940adeceb1151a5d3b479e419cdc8b131ac7ccc598c30f421c3f15bca,sha256:4b6081c8c67765cb9be875b71881e3cb0fb4a1317d4461567268217491a38c25,sha256:85e5f8ea01a3246df81352eaa85f94a5ad71fc4eb0c05a66b13aeb4af111b41e,sha256:4a909492144b016d792323f19cd239a48b01c5ffc9289e47becb3b87b39f0c9b,sha256:febafded64bc9ff6e08132fab841b865ff709a0479268967b433a27230398780,INDEPENDENT_REIMPLEMENTATION
modern_baselines_v1_cifar10_s01_source_ABCA_bn_affine_frozen_stats_p1_lr0.001_v1,cifar10,source,A-B-C-A,1,0.0,0.0,0.6805,0.0,sha256:c49ed14b8f84e696abe2c65c830300ef33eedde25b58822bfee6af3c62a7f0c5,sha256:4b6081c8c67765cb9be875b71881e3cb0fb4a1317d4461567268217491a38c25,sha256:85e5f8ea01a3246df81352eaa85f94a5ad71fc4eb0c05a66b13aeb4af111b41e,sha256:4a909492144b016d792323f19cd239a48b01c5ffc9289e47becb3b87b39f0c9b,sha256:febafded64bc9ff6e08132fab841b865ff709a0479268967b433a27230398780,INDEPENDENT_REIMPLEMENTATION
modern_baselines_v1_cifar10_s01_tent_ABA_bn_affine_frozen_stats_p1_lr0.001_v1,cifar10,tent,A-B-A,1,0.006299999999999972,0.006299999999999972,0.5809,0.07729250937700272,sha256:14ba3802bfe07d2c4b39bec30b4971e0c01c610408eef352fc4590102df69fd3,sha256:4b6081c8c67765cb9be875b71881e3cb0fb4a1317d4461567268217491a38c25,sha256:85e5f8ea01a3246df81352eaa85f94a5ad71fc4eb0c05a66b13aeb4af111b41e,sha256:4a909492144b016d792323f19cd239a48b01c5ffc9289e47becb3b87b39f0c9b,sha256:febafded64bc9ff6e08132fab841b865ff709a0479268967b433a27230398780,INDEPENDENT_REIMPLEMENTATION
modern_baselines_v1_cifar10_s01_tent_ABCA_bn_affine_frozen_stats_p1_lr0.001_v1,cifar10,tent,A-B-C-A,1,0.005299999999999971,0.005299999999999971,0.67345,0.09633202850818634,sha256:9704bcd9af098b1949054e750e35e86aa7d48aa80adf1cda22bb3e7a3821d228,sha256:4b6081c8c67765cb9be875b71881e3cb0fb4a1317d4461567268217491a38c25,sha256:85e5f8ea01a3246df81352eaa85f94a5ad71fc4eb0c05a66b13aeb4af111b41e,sha256:4a909492144b016d792323f19cd239a48b01c5ffc9289e47becb3b87b39f0c9b,sha256:febafded64bc9ff6e08132fab841b865ff709a0479268967b433a27230398780,INDEPENDENT_REIMPLEMENTATION
modern_baselines_v1_cifar10_s01_eata_ABA_bn_affine_frozen_stats_p1_lr0.001_v1,cifar10,eata,A-B-A,1,0.7659999999999999,0.7659999999999999,0.1261,1.1655365228652954,sha256:9938cbd570144768bcfcb08250359632da3cfda9f6d9b21a7e0f5d3490968060,sha256:4b6081c8c67765cb9be875b71881e3cb0fb4a1317d4461567268217491a38c25,sha256:85e5f8ea01a3246df81352eaa85f94a5ad71fc4eb0c05a66b13aeb4af111b41e,sha256:4a909492144b016d792323f19cd239a48b01c5ffc9289e47becb3b87b39f0c9b,sha256:febafded64bc9ff6e08132fab841b865ff709a0479268967b433a27230398780,INDEPENDENT_REIMPLEMENTATION
modern_baselines_v1_cifar10_s01_eata_ABCA_bn_affine_frozen_stats_p1_lr0.001_v1,cifar10,eata,A-B-C-A,1,0.7664,0.7664,0.11305,1.5176594257354736,sha256:f6802543a02920e08b50e93aec258a1f606a9f44cc2d8fdf651617e21f832a02,sha256:4b6081c8c67765cb9be875b71881e3cb0fb4a1317d4461567268217491a38c25,sha256:85e5f8ea01a3246df81352eaa85f94a5ad71fc4eb0c05a66b13aeb4af111b41e,sha256:4a909492144b016d792323f19cd239a48b01c5ffc9289e47becb3b87b39f0c9b,sha256:febafded64bc9ff6e08132fab841b865ff709a0479268967b433a27230398780,INDEPENDENT_REIMPLEMENTATION
modern_baselines_v1_cifar10_s01_sar_ABA_bn_affine_frozen_stats_p1_lr0.001_v1,cifar10,sar,A-B-A,1,0.0016999999999999238,0.0016999999999999238,0.5928,0.0683690756559372,sha256:cab888c47ce70544df0c822ae71b2f364fae978e66cc02910dff765f5a930bac,sha256:4b6081c8c67765cb9be875b71881e3cb0fb4a1317d4461567268217491a38c25,sha256:85e5f8ea01a3246df81352eaa85f94a5ad71fc4eb0c05a66b13aeb4af111b41e,sha256:4a909492144b016d792323f19cd239a48b01c5ffc9289e47becb3b87b39f0c9b,sha256:febafded64bc9ff6e08132fab841b865ff709a0479268967b433a27230398780,INDEPENDENT_REIMPLEMENTATION
modern_baselines_v1_cifar10_s01_sar_ABCA_bn_affine_frozen_stats_p1_lr0.001_v1,cifar10,sar,A-B-C-A,1,0.0005999999999999339,0.0005999999999999339,0.6809,0.08956111967563629,sha256:e74839fbf003dfa3ded89ac4c82711edd5c635edea374cbc982850c4a33c5d22,sha256:4b6081c8c67765cb9be875b71881e3cb0fb4a1317d4461567268217491a38c25,sha256:85e5f8ea01a3246df81352eaa85f94a5ad71fc4eb0c05a66b13aeb4af111b41e,sha256:4a909492144b016d792323f19cd239a48b01c5ffc9289e47becb3b87b39f0c9b,sha256:febafded64bc9ff6e08132fab841b865ff709a0479268967b433a27230398780,INDEPENDENT_REIMPLEMENTATION
modern_baselines_v1_cifar10_s01_cotta_ABA_bn_affine_frozen_stats_p1_lr0.001_v1,cifar10,cotta,A-B-A,1,9.999999999998899e-05,9.999999999998899e-05,0.5896,0.24960294365882874,sha256:c6a2d50f32ea313227cf39c27bfbe93364abe02b1269eac53b2ded19221bf8e2,sha256:4b6081c8c67765cb9be875b71881e3cb0fb4a1317d4461567268217491a38c25,sha256:85e5f8ea01a3246df81352eaa85f94a5ad71fc4eb0c05a66b13aeb4af111b41e,sha256:4a909492144b016d792323f19cd239a48b01c5ffc9289e47becb3b87b39f0c9b,sha256:febafded64bc9ff6e08132fab841b865ff709a0479268967b433a27230398780,INDEPENDENT_REIMPLEMENTATION
modern_baselines_v1_cifar10_s01_rotta_ABA_bn_affine_frozen_stats_p1_lr0.001_v1,cifar10,rotta,A-B-A,1,0.0,0.0,0.5945,2.3042688553687185e-05,sha256:24fbdaab41643471ef10008e0f822fe3f7d83a30d4ff481810505dd9830344c3,sha256:4b6081c8c67765cb9be875b71881e3cb0fb4a1317d4461567268217491a38c25,sha256:85e5f8ea01a3246df81352eaa85f94a5ad71fc4eb0c05a66b13aeb4af111b41e,sha256:4a909492144b016d792323f19cd239a48b01c5ffc9289e47becb3b87b39f0c9b,sha256:febafded64bc9ff6e08132fab841b865ff709a0479268967b433a27230398780,INDEPENDENT_REIMPLEMENTATION
modern_baselines_v1_cifar10_s01_rotta_ABCA_bn_affine_frozen_stats_p1_lr0.001_v1,cifar10,rotta,A-B-C-A,1,0.0,0.0,0.6805,3.7366091419244185e-05,sha256:b57921a59e625718c02095b6b38a4ae2f53da5e1c3d6fa45bbd516a34f09049b,sha256:4b6081c8c67765cb9be875b71881e3cb0fb4a1317d4461567268217491a38c25,sha256:85e5f8ea01a3246df81352eaa85f94a5ad71fc4eb0c05a66b13aeb4af111b41e,sha256:4a909492144b016d792323f19cd239a48b01c5ffc9289e47becb3b87b39f0c9b,sha256:febafded64bc9ff6e08132fab841b865ff709a0479268967b433a27230398780,INDEPENDENT_REIMPLEMENTATION
modern_baselines_v1_cifar10_s01_cotta_ABCA_bn_affine_frozen_stats_p1_lr0.001_v1,cifar10,cotta,A-B-C-A,1,-0.00040000000000006697,-0.00040000000000006697,0.67885,0.2195059061050415,sha256:d9ccc967477badd1dbf6fcf92b5a799336a1d04137dd71c5b1720e0a9090df2a,sha256:4b6081c8c67765cb9be875b71881e3cb0fb4a1317d4461567268217491a38c25,sha256:85e5f8ea01a3246df81352eaa85f94a5ad71fc4eb0c05a66b13aeb4af111b41e,sha256:4a909492144b016d792323f19cd239a48b01c5ffc9289e47becb3b87b39f0c9b,sha256:febafded64bc9ff6e08132fab841b865ff709a0479268967b433a27230398780,INDEPENDENT_REIMPLEMENTATION
modern_baselines_v1_cifar10_s02_source_ABA_bn_affine_frozen_stats_p1_lr0.001_v1,cifar10,source,A-B-A,2,0.0,0.0,0.5947,0.0,sha256:39555dcece1ea859a5f7931e84f1381ba429e5d4f9261c02a842ced67dfd7b11,sha256:4b6081c8c67765cb9be875b71881e3cb0fb4a1317d4461567268217491a38c25,sha256:85e5f8ea01a3246df81352eaa85f94a5ad71fc4eb0c05a66b13aeb4af111b41e,sha256:4a909492144b016d792323f19cd239a48b01c5ffc9289e47becb3b87b39f0c9b,sha256:febafded64bc9ff6e08132fab841b865ff709a0479268967b433a27230398780,INDEPENDENT_REIMPLEMENTATION
modern_baselines_v1_cifar10_s02_source_ABCA_bn_affine_frozen_stats_p1_lr0.001_v1,cifar10,source,A-B-C-A,2,0.0,0.0,0.6749,0.0,sha256:bdc992c400c8e486e6fa72313fa28525bc48ee57dccefe0b34be36f967d6fdd0,sha256:4b6081c8c67765cb9be875b71881e3cb0fb4a1317d4461567268217491a38c25,sha256:85e5f8ea01a3246df81352eaa85f94a5ad71fc4eb0c05a66b13aeb4af111b41e,sha256:4a909492144b016d792323f19cd239a48b01c5ffc9289e47becb3b87b39f0c9b,sha256:febafded64bc9ff6e08132fab841b865ff709a0479268967b433a27230398780,INDEPENDENT_REIMPLEMENTATION
modern_baselines_v1_cifar10_s02_tent_ABA_bn_affine_frozen_stats_p1_lr0.001_v1,cifar10,tent,A-B-A,2,0.008000000000000007,0.008000000000000007,0.5646,0.07905364036560059,sha256:7a7497839211b280fb0d3315454a4d66a4e24b4d367645c46c2200ec241ff467,sha256:4b6081c8c67765cb9be875b71881e3cb0fb4a1317d4461567268217491a38c25,sha256:85e5f8ea01a3246df81352eaa85f94a5ad71fc4eb0c05a66b13aeb4af111b41e,sha256:4a909492144b016d792323f19cd239a48b01c5ffc9289e47becb3b87b39f0c9b,sha256:febafded64bc9ff6e08132fab841b865ff709a0479268967b433a27230398780,INDEPENDENT_REIMPLEMENTATION
modern_baselines_v1_cifar10_s02_tent_ABCA_bn_affine_frozen_stats_p1_lr0.001_v1,cifar10,tent,A-B-C-A,2,0.007600000000000051,0.007600000000000051,0.6615,0.10118501633405685,sha256:599138d681584b5a90d427012d7565dfbf583d62e1fe52cc7daef31b48cffeea,sha256:4b6081c8c67765cb9be875b71881e3cb0fb4a1317d4461567268217491a38c25,sha256:85e5f8ea01a3246df81352eaa85f94a5ad71fc4eb0c05a66b13aeb4af111b41e,sha256:4a909492144b016d792323f19cd239a48b01c5ffc9289e47becb3b87b39f0c9b,sha256:febafded64bc9ff6e08132fab841b865ff709a0479268967b433a27230398780,INDEPENDENT_REIMPLEMENTATION
modern_baselines_v1_cifar10_s02_eata_ABA_bn_affine_frozen_stats_p1_lr0.001_v1,cifar10,eata,A-B-A,2,0.7693000000000001,0.7693000000000001,0.1209,1.107541561126709,sha256:795103aecd9a69dc00320a30f5cbe7601d24ac6c5f20a9a21271704d35613ae2,sha256:4b6081c8c67765cb9be875b71881e3cb0fb4a1317d4461567268217491a38c25,sha256:85e5f8ea01a3246df81352eaa85f94a5ad71fc4eb0c05a66b13aeb4af111b41e,sha256:4a909492144b016d792323f19cd239a48b01c5ffc9289e47becb3b87b39f0c9b,sha256:febafded64bc9ff6e08132fab841b865ff709a0479268967b433a27230398780,INDEPENDENT_REIMPLEMENTATION
modern_baselines_v1_cifar10_s02_eata_ABCA_bn_affine_frozen_stats_p1_lr0.001_v1,cifar10,eata,A-B-C-A,2,0.7696000000000001,0.7696000000000001,0.11045,1.5697309970855713,sha256:a7731298252eabb17c65baf38ce8c266690459d2fa6819665033dad60b007d12,sha256:4b6081c8c67765cb9be875b71881e3cb0fb4a1317d4461567268217491a38c25,sha256:85e5f8ea01a3246df81352eaa85f94a5ad71fc4eb0c05a66b13aeb4af111b41e,sha256:4a909492144b016d792323f19cd239a48b01c5ffc9289e47becb3b87b39f0c9b,sha256:febafded64bc9ff6e08132fab841b865ff709a0479268967b433a27230398780,INDEPENDENT_REIMPLEMENTATION
modern_baselines_v1_cifar10_s02_sar_ABA_bn_affine_frozen_stats_p1_lr0.001_v1,cifar10,sar,A-B-A,2,0.0024000000000000687,0.0024000000000000687,0.5927,0.06210874766111374,sha256:b81f7cda0c7bad76009c269d5cb5224fe2915a426b72d0af750d669a65914b82,sha256:4b6081c8c67765cb9be875b71881e3cb0fb4a1317d4461567268217491a38c25,sha256:85e5f8ea01a3246df81352eaa85f94a5ad71fc4eb0c05a66b13aeb4af111b41e,sha256:4a909492144b016d792323f19cd239a48b01c5ffc9289e47becb3b87b39f0c9b,sha256:febafded64bc9ff6e08132fab841b865ff709a0479268967b433a27230398780,INDEPENDENT_REIMPLEMENTATION
modern_baselines_v1_cifar10_s02_sar_ABCA_bn_affine_frozen_stats_p1_lr0.001_v1,cifar10,sar,A-B-C-A,2,0.0042000000000000925,0.0042000000000000925,0.67705,0.08819988369941711,sha256:641b1b47038c532e1a3ed180c166b3c1b3625bb2c5d3c9bc4b50564a534af8ee,sha256:4b6081c8c67765cb9be875b71881e3cb0fb4a1317d4461567268217491a38c25,sha256:85e5f8ea01a3246df81352eaa85f94a5ad71fc4eb0c05a66b13aeb4af111b41e,sha256:4a909492144b016d792323f19cd239a48b01c5ffc9289e47becb3b87b39f0c9b,sha256:febafded64bc9ff6e08132fab841b865ff709a0479268967b433a27230398780,INDEPENDENT_REIMPLEMENTATION
modern_baselines_v1_cifar10_s02_cotta_ABA_bn_affine_frozen_stats_p1_lr0.001_v1,cifar10,cotta,A-B-A,2,0.0048000000000000265,0.0048000000000000265,0.5917,0.2589510381221771,sha256:9248e44193e0b9adb27a46a932d904e17afce6bdbab3b217fd48f31167ccd6dc,sha256:4b6081c8c67765cb9be875b71881e3cb0fb4a1317d4461567268217491a38c25,sha256:85e5f8ea01a3246df81352eaa85f94a5ad71fc4eb0c05a66b13aeb4af111b41e,sha256:4a909492144b016d792323f19cd239a48b01c5ffc9289e47becb3b87b39f0c9b,sha256:febafded64bc9ff6e08132fab841b865ff709a0479268967b433a27230398780,INDEPENDENT_REIMPLEMENTATION
modern_baselines_v1_cifar10_s02_rotta_ABA_bn_affine_frozen_stats_p1_lr0.001_v1,cifar10,rotta,A-B-A,2,0.0,0.0,0.5948,2.4419970941380598e-05,sha256:82d544068b0b621e4166f850a5ac5a154aa560b7909d9122dd7b0771735e6566,sha256:4b6081c8c67765cb9be875b71881e3cb0fb4a1317d4461567268217491a38c25,sha256:85e5f8ea01a3246df81352eaa85f94a5ad71fc4eb0c05a66b13aeb4af111b41e,sha256:4a909492144b016d792323f19cd239a48b01c5ffc9289e47becb3b87b39f0c9b,sha256:febafded64bc9ff6e08132fab841b865ff709a0479268967b433a27230398780,INDEPENDENT_REIMPLEMENTATION
modern_baselines_v1_cifar10_s02_rotta_ABCA_bn_affine_frozen_stats_p1_lr0.001_v1,cifar10,rotta,A-B-C-A,2,0.0,0.0,0.67495,4.012001591036096e-05,sha256:141c6c3d40e511475f20bc69d628fc1bf486404ba650a54ed15d1c4cacc319d6,sha256:4b6081c8c67765cb9be875b71881e3cb0fb4a1317d4461567268217491a38c25,sha256:85e5f8ea01a3246df81352eaa85f94a5ad71fc4eb0c05a66b13aeb4af111b41e,sha256:4a909492144b016d792323f19cd239a48b01c5ffc9289e47becb3b87b39f0c9b,sha256:febafded64bc9ff6e08132fab841b865ff709a0479268967b433a27230398780,INDEPENDENT_REIMPLEMENTATION
modern_baselines_v1_cifar10_s02_cotta_ABCA_bn_affine_frozen_stats_p1_lr0.001_v1,cifar10,cotta,A-B-C-A,2,0.0025000000000000577,0.0025000000000000577,0.67575,0.2325918972492218,sha256:c3313a078ee9907812c3413e78b5179c7d3cf6e5c7bff2d7a307bb0670263af5,sha256:4b6081c8c67765cb9be875b71881e3cb0fb4a1317d4461567268217491a38c25,sha256:85e5f8ea01a3246df81352eaa85f94a5ad71fc4eb0c05a66b13aeb4af111b41e,sha256:4a909492144b016d792323f19cd239a48b01c5ffc9289e47becb3b87b39f0c9b,sha256:febafded64bc9ff6e08132fab841b865ff709a0479268967b433a27230398780,INDEPENDENT_REIMPLEMENTATION
modern_baselines_v1_cifar10_s03_source_ABA_bn_affine_frozen_stats_p1_lr0.001_v1,cifar10,source,A-B-A,3,0.0,0.0,0.5967,0.0,sha256:578a6bdb339fe12b425cd0caac981c95d56ea5eef5abcfcae2e9f99a84813b89,sha256:4b6081c8c67765cb9be875b71881e3cb0fb4a1317d4461567268217491a38c25,sha256:85e5f8ea01a3246df81352eaa85f94a5ad71fc4eb0c05a66b13aeb4af111b41e,sha256:4a909492144b016d792323f19cd239a48b01c5ffc9289e47becb3b87b39f0c9b,sha256:febafded64bc9ff6e08132fab841b865ff709a0479268967b433a27230398780,INDEPENDENT_REIMPLEMENTATION
modern_baselines_v1_cifar10_s03_source_ABCA_bn_affine_frozen_stats_p1_lr0.001_v1,cifar10,source,A-B-C-A,3,0.0,0.0,0.67755,0.0,sha256:65dd9141105d65bb0bba6843505ebfb8f763ec241c2144804de77e9fd5926b47,sha256:4b6081c8c67765cb9be875b71881e3cb0fb4a1317d4461567268217491a38c25,sha256:85e5f8ea01a3246df81352eaa85f94a5ad71fc4eb0c05a66b13aeb4af111b41e,sha256:4a909492144b016d792323f19cd239a48b01c5ffc9289e47becb3b87b39f0c9b,sha256:febafded64bc9ff6e08132fab841b865ff709a0479268967b433a27230398780,INDEPENDENT_REIMPLEMENTATION
modern_baselines_v1_cifar10_s03_tent_ABA_bn_affine_frozen_stats_p1_lr0.001_v1,cifar10,tent,A-B-A,3,0.007799999999999918,0.007799999999999918,0.5891,0.08228573203086853,sha256:a265dac872667519309cac552cec4b9d8021c4edef5a464f8f9bb3a536908043,sha256:4b6081c8c67765cb9be875b71881e3cb0fb4a1317d4461567268217491a38c25,sha256:85e5f8ea01a3246df81352eaa85f94a5ad71fc4eb0c05a66b13aeb4af111b41e,sha256:4a909492144b016d792323f19cd239a48b01c5ffc9289e47becb3b87b39f0c9b,sha256:febafded64bc9ff6e08132fab841b865ff709a0479268967b433a27230398780,INDEPENDENT_REIMPLEMENTATION
modern_baselines_v1_cifar10_s03_tent_ABCA_bn_affine_frozen_stats_p1_lr0.001_v1,cifar10,tent,A-B-C-A,3,0.006399999999999961,0.006399999999999961,0.6719,0.09902529418468475,sha256:d73694493dba53cf23b9744b74df7dbd4c749fbd6fbc7fda52c031a1a25746d4,sha256:4b6081c8c67765cb9be875b71881e3cb0fb4a1317d4461567268217491a38c25,sha256:85e5f8ea01a3246df81352eaa85f94a5ad71fc4eb0c05a66b13aeb4af111b41e,sha256:4a909492144b016d792323f19cd239a48b01c5ffc9289e47becb3b87b39f0c9b,sha256:febafded64bc9ff6e08132fab841b865ff709a0479268967b433a27230398780,INDEPENDENT_REIMPLEMENTATION
modern_baselines_v1_cifar10_s03_eata_ABA_bn_affine_frozen_stats_p1_lr0.001_v1,cifar10,eata,A-B-A,3,0.7617999999999999,0.7617999999999999,0.1425,1.2198796272277832,sha256:7cc62be44af8686589342c6a5983944b74f1a34efeafa71a4164bd6e730de788,sha256:4b6081c8c67765cb9be875b71881e3cb0fb4a1317d4461567268217491a38c25,sha256:85e5f8ea01a3246df81352eaa85f94a5ad71fc4eb0c05a66b13aeb4af111b41e,sha256:4a909492144b016d792323f19cd239a48b01c5ffc9289e47becb3b87b39f0c9b,sha256:febafded64bc9ff6e08132fab841b865ff709a0479268967b433a27230398780,INDEPENDENT_REIMPLEMENTATION
modern_baselines_v1_cifar10_s03_eata_ABCA_bn_affine_frozen_stats_p1_lr0.001_v1,cifar10,eata,A-B-C-A,3,0.7662,0.7662,0.12125,1.5533257722854614,sha256:284c8b00c5b83cdc8ffd3ac96dc7c67375a9ef99025e1f904e283c1a66ab53c8,sha256:4b6081c8c67765cb9be875b71881e3cb0fb4a1317d4461567268217491a38c25,sha256:85e5f8ea01a3246df81352eaa85f94a5ad71fc4eb0c05a66b13aeb4af111b41e,sha256:4a909492144b016d792323f19cd239a48b01c5ffc9289e47becb3b87b39f0c9b,sha256:febafded64bc9ff6e08132fab841b865ff709a0479268967b433a27230398780,INDEPENDENT_REIMPLEMENTATION
modern_baselines_v1_cifar10_s03_sar_ABA_bn_affine_frozen_stats_p1_lr0.001_v1,cifar10,sar,A-B-A,3,0.0026999999999999247,0.0026999999999999247,0.6037,0.07244298607110977,sha256:be8ce33b382dfb7749418edc6cad880ca59e304a53b6643041dc6a6e4f26cc3b,sha256:4b6081c8c67765cb9be875b71881e3cb0fb4a1317d4461567268217491a38c25,sha256:85e5f8ea01a3246df81352eaa85f94a5ad71fc4eb0c05a66b13aeb4af111b41e,sha256:4a909492144b016d792323f19cd239a48b01c5ffc9289e47becb3b87b39f0c9b,sha256:febafded64bc9ff6e08132fab841b865ff709a0479268967b433a27230398780,INDEPENDENT_REIMPLEMENTATION
modern_baselines_v1_cifar10_s03_sar_ABCA_bn_affine_frozen_stats_p1_lr0.001_v1,cifar10,sar,A-B-C-A,3,0.0025999999999999357,0.0025999999999999357,0.6808,0.09363338351249695,sha256:8fd1fb891105082d2374e127ef8f94f5e721e9a47809d5d519220baa27dab166,sha256:4b6081c8c67765cb9be875b71881e3cb0fb4a1317d4461567268217491a38c25,sha256:85e5f8ea01a3246df81352eaa85f94a5ad71fc4eb0c05a66b13aeb4af111b41e,sha256:4a909492144b016d792323f19cd239a48b01c5ffc9289e47becb3b87b39f0c9b,sha256:febafded64bc9ff6e08132fab841b865ff709a0479268967b433a27230398780,INDEPENDENT_REIMPLEMENTATION
modern_baselines_v1_cifar10_s03_cotta_ABA_bn_affine_frozen_stats_p1_lr0.001_v1,cifar10,cotta,A-B-A,3,0.0014999999999999458,0.0014999999999999458,0.5962,0.2275107204914093,sha256:be83c0708ecc4ed091db5c01398cfdb80bc62469249337c864bb6aaa4273dcc4,sha256:4b6081c8c67765cb9be875b71881e3cb0fb4a1317d4461567268217491a38c25,sha256:85e5f8ea01a3246df81352eaa85f94a5ad71fc4eb0c05a66b13aeb4af111b41e,sha256:4a909492144b016d792323f19cd239a48b01c5ffc9289e47becb3b87b39f0c9b,sha256:febafded64bc9ff6e08132fab841b865ff709a0479268967b433a27230398780,INDEPENDENT_REIMPLEMENTATION
modern_baselines_v1_cifar10_s03_rotta_ABA_bn_affine_frozen_stats_p1_lr0.001_v1,cifar10,rotta,A-B-A,3,0.0,0.0,0.5968,2.4888397092581727e-05,sha256:6cd129f1acca85b8a551f60de36aa8b0bd89fc49866839d97a366c09deb0bf69,sha256:4b6081c8c67765cb9be875b71881e3cb0fb4a1317d4461567268217491a38c25,sha256:85e5f8ea01a3246df81352eaa85f94a5ad71fc4eb0c05a66b13aeb4af111b41e,sha256:4a909492144b016d792323f19cd239a48b01c5ffc9289e47becb3b87b39f0c9b,sha256:febafded64bc9ff6e08132fab841b865ff709a0479268967b433a27230398780,INDEPENDENT_REIMPLEMENTATION
modern_baselines_v1_cifar10_s03_rotta_ABCA_bn_affine_frozen_stats_p1_lr0.001_v1,cifar10,rotta,A-B-C-A,3,0.0,0.0,0.67755,3.012831075466238e-05,sha256:552ceab6e2bd1b08fa5f3a70cb1e6caa4a92137bf5c191be8efe7fa5ee8400de,sha256:4b6081c8c67765cb9be875b71881e3cb0fb4a1317d4461567268217491a38c25,sha256:85e5f8ea01a3246df81352eaa85f94a5ad71fc4eb0c05a66b13aeb4af111b41e,sha256:4a909492144b016d792323f19cd239a48b01c5ffc9289e47becb3b87b39f0c9b,sha256:febafded64bc9ff6e08132fab841b865ff709a0479268967b433a27230398780,INDEPENDENT_REIMPLEMENTATION
modern_baselines_v1_cifar10_s04_source_ABA_bn_affine_frozen_stats_p1_lr0.001_v1,cifar10,source,A-B-A,4,0.0,0.0,0.6175,0.0,sha256:c54a7c2be616379fb97c2065685be01f3f323cf87c173b6dd8535b2f4a459c96,sha256:4b6081c8c67765cb9be875b71881e3cb0fb4a1317d4461567268217491a38c25,sha256:85e5f8ea01a3246df81352eaa85f94a5ad71fc4eb0c05a66b13aeb4af111b41e,sha256:4a909492144b016d792323f19cd239a48b01c5ffc9289e47becb3b87b39f0c9b,sha256:febafded64bc9ff6e08132fab841b865ff709a0479268967b433a27230398780,INDEPENDENT_REIMPLEMENTATION
modern_baselines_v1_cifar10_s03_cotta_ABCA_bn_affine_frozen_stats_p1_lr0.001_v1,cifar10,cotta,A-B-C-A,3,0.0022999999999999687,0.0022999999999999687,0.6808,0.22882883250713348,sha256:d33f66329450c77bd792b55e61046cec28bd14cdd370b9d4c7dc5b9e407428c5,sha256:4b6081c8c67765cb9be875b71881e3cb0fb4a1317d4461567268217491a38c25,sha256:85e5f8ea01a3246df81352eaa85f94a5ad71fc4eb0c05a66b13aeb4af111b41e,sha256:4a909492144b016d792323f19cd239a48b01c5ffc9289e47becb3b87b39f0c9b,sha256:febafded64bc9ff6e08132fab841b865ff709a0479268967b433a27230398780,INDEPENDENT_REIMPLEMENTATION
modern_baselines_v1_cifar10_s04_source_ABCA_bn_affine_frozen_stats_p1_lr0.001_v1,cifar10,source,A-B-C-A,4,0.0,0.0,0.67185,0.0,sha256:56590a44e32bf5f5e93ebae372810175bbe8338b3fba551cfcaa547260fb99be,sha256:4b6081c8c67765cb9be875b71881e3cb0fb4a1317d4461567268217491a38c25,sha256:85e5f8ea01a3246df81352eaa85f94a5ad71fc4eb0c05a66b13aeb4af111b41e,sha256:4a909492144b016d792323f19cd239a48b01c5ffc9289e47becb3b87b39f0c9b,sha256:febafded64bc9ff6e08132fab841b865ff709a0479268967b433a27230398780,INDEPENDENT_REIMPLEMENTATION
modern_baselines_v1_cifar10_s04_tent_ABA_bn_affine_frozen_stats_p1_lr0.001_v1,cifar10,tent,A-B-A,4,0.0029000000000000137,0.0029000000000000137,0.6173,0.07117626816034317,sha256:e922029740a1bde1b2c6d3b2864cb47d7c84f44b4710588ca2e024cbfc04c10b,sha256:4b6081c8c67765cb9be875b71881e3cb0fb4a1317d4461567268217491a38c25,sha256:85e5f8ea01a3246df81352eaa85f94a5ad71fc4eb0c05a66b13aeb4af111b41e,sha256:4a909492144b016d792323f19cd239a48b01c5ffc9289e47becb3b87b39f0c9b,sha256:febafded64bc9ff6e08132fab841b865ff709a0479268967b433a27230398780,INDEPENDENT_REIMPLEMENTATION
modern_baselines_v1_cifar10_s04_tent_ABCA_bn_affine_frozen_stats_p1_lr0.001_v1,cifar10,tent,A-B-C-A,4,0.0025999999999999357,0.0025999999999999357,0.67155,0.09708524495363235,sha256:d088065ce791d1f31d22c079699b228fe46d794db85dc5996cf4d797d5c2033e,sha256:4b6081c8c67765cb9be875b71881e3cb0fb4a1317d4461567268217491a38c25,sha256:85e5f8ea01a3246df81352eaa85f94a5ad71fc4eb0c05a66b13aeb4af111b41e,sha256:4a909492144b016d792323f19cd239a48b01c5ffc9289e47becb3b87b39f0c9b,sha256:febafded64bc9ff6e08132fab841b865ff709a0479268967b433a27230398780,INDEPENDENT_REIMPLEMENTATION
modern_baselines_v1_cifar10_s04_eata_ABA_bn_affine_frozen_stats_p1_lr0.001_v1,cifar10,eata,A-B-A,4,0.7571,0.7571,0.1322,1.2265886068344116,sha256:a6091ab45aa1f2a3d63f1c26d161cdf424b711e77e908dd2924ea855f2c857f8,sha256:4b6081c8c67765cb9be875b71881e3cb0fb4a1317d4461567268217491a38c25,sha256:85e5f8ea01a3246df81352eaa85f94a5ad71fc4eb0c05a66b13aeb4af111b41e,sha256:4a909492144b016d792323f19cd239a48b01c5ffc9289e47becb3b87b39f0c9b,sha256:febafded64bc9ff6e08132fab841b865ff709a0479268967b433a27230398780,INDEPENDENT_REIMPLEMENTATION
modern_baselines_v1_cifar10_s04_sar_ABA_bn_affine_frozen_stats_p1_lr0.001_v1,cifar10,sar,A-B-A,4,0.0019000000000000128,0.0019000000000000128,0.6237,0.07029062509536743,sha256:cf1cbd8252928fa1e1a2e2f4ca8a6f5023b8313f5fa8c9c11beb2626216dee1e,sha256:4b6081c8c67765cb9be875b71881e3cb0fb4a1317d4461567268217491a38c25,sha256:85e5f8ea01a3246df81352eaa85f94a5ad71fc4eb0c05a66b13aeb4af111b41e,sha256:4a909492144b016d792323f19cd239a48b01c5ffc9289e47becb3b87b39f0c9b,sha256:febafded64bc9ff6e08132fab841b865ff709a0479268967b433a27230398780,INDEPENDENT_REIMPLEMENTATION
modern_baselines_v1_cifar10_s04_eata_ABCA_bn_affine_frozen_stats_p1_lr0.001_v1,cifar10,eata,A-B-C-A,4,0.7571,0.7571,0.1161,1.7398638725280762,sha256:7a0b8f95f1b51694061fb8aa40121086974f2a5416ce597a5302280c2a589687,sha256:4b6081c8c67765cb9be875b71881e3cb0fb4a1317d4461567268217491a38c25,sha256:85e5f8ea01a3246df81352eaa85f94a5ad71fc4eb0c05a66b13aeb4af111b41e,sha256:4a909492144b016d792323f19cd239a48b01c5ffc9289e47becb3b87b39f0c9b,sha256:febafded64bc9ff6e08132fab841b865ff709a0479268967b433a27230398780,INDEPENDENT_REIMPLEMENTATION
modern_baselines_v1_cifar10_s04_sar_ABCA_bn_affine_frozen_stats_p1_lr0.001_v1,cifar10,sar,A-B-C-A,4,0.0004999999999999449,0.0004999999999999449,0.6747,0.09568242728710175,sha256:2f0b4f7e2d7d87d52af78a9645b8c040b5942851bb1d261faecf3e715d885c03,sha256:4b6081c8c67765cb9be875b71881e3cb0fb4a1317d4461567268217491a38c25,sha256:85e5f8ea01a3246df81352eaa85f94a5ad71fc4eb0c05a66b13aeb4af111b41e,sha256:4a909492144b016d792323f19cd239a48b01c5ffc9289e47becb3b87b39f0c9b,sha256:febafded64bc9ff6e08132fab841b865ff709a0479268967b433a27230398780,INDEPENDENT_REIMPLEMENTATION
modern_baselines_v1_cifar10_s04_cotta_ABA_bn_affine_frozen_stats_p1_lr0.001_v1,cifar10,cotta,A-B-A,4,0.0013999999999999568,0.0013999999999999568,0.6127,0.22468841075897217,sha256:2285ec1caa1a92872ba5912bd3a6a8494d2b9e9b2e12a29666ab2bf82555c3a3,sha256:4b6081c8c67765cb9be875b71881e3cb0fb4a1317d4461567268217491a38c25,sha256:85e5f8ea01a3246df81352eaa85f94a5ad71fc4eb0c05a66b13aeb4af111b41e,sha256:4a909492144b016d792323f19cd239a48b01c5ffc9289e47becb3b87b39f0c9b,sha256:febafded64bc9ff6e08132fab841b865ff709a0479268967b433a27230398780,INDEPENDENT_REIMPLEMENTATION
modern_baselines_v1_cifar10_s04_rotta_ABA_bn_affine_frozen_stats_p1_lr0.001_v1,cifar10,rotta,A-B-A,4,9.999999999998899e-05,9.999999999998899e-05,0.6175,2.6734312996268272e-05,sha256:d45d46081d28f0f9727e947292e0600c81cd10b616a52239ee192b2439d14f9e,sha256:4b6081c8c67765cb9be875b71881e3cb0fb4a1317d4461567268217491a38c25,sha256:85e5f8ea01a3246df81352eaa85f94a5ad71fc4eb0c05a66b13aeb4af111b41e,sha256:4a909492144b016d792323f19cd239a48b01c5ffc9289e47becb3b87b39f0c9b,sha256:febafded64bc9ff6e08132fab841b865ff709a0479268967b433a27230398780,INDEPENDENT_REIMPLEMENTATION
modern_baselines_v1_cifar10_s04_rotta_ABCA_bn_affine_frozen_stats_p1_lr0.001_v1,cifar10,rotta,A-B-C-A,4,0.00019999999999997797,0.00019999999999997797,0.67185,3.698938598972745e-05,sha256:d0d58c061f0673460ee6a59bc05d68ea543ed4f7573e97847db829e8cb3a7777,sha256:4b6081c8c67765cb9be875b71881e3cb0fb4a1317d4461567268217491a38c25,sha256:85e5f8ea01a3246df81352eaa85f94a5ad71fc4eb0c05a66b13aeb4af111b41e,sha256:4a909492144b016d792323f19cd239a48b01c5ffc9289e47becb3b87b39f0c9b,sha256:febafded64bc9ff6e08132fab841b865ff709a0479268967b433a27230398780,INDEPENDENT_REIMPLEMENTATION
modern_baselines_v1_cifar10_s04_cotta_ABCA_bn_affine_frozen_stats_p1_lr0.001_v1,cifar10,cotta,A-B-C-A,4,0.0006999999999999229,0.0006999999999999229,0.67155,0.23859243094921112,sha256:8cc86044d15859cf5e4e109c1e3c7a91282c74ae15496fa723cf97609473c6b3,sha256:4b6081c8c67765cb9be875b71881e3cb0fb4a1317d4461567268217491a38c25,sha256:85e5f8ea01a3246df81352eaa85f94a5ad71fc4eb0c05a66b13aeb4af111b41e,sha256:4a909492144b016d792323f19cd239a48b01c5ffc9289e47becb3b87b39f0c9b,sha256:febafded64bc9ff6e08132fab841b865ff709a0479268967b433a27230398780,INDEPENDENT_REIMPLEMENTATION
