job_id,dataset,method,trajectory,seed,policy,absolute_hysteresis,update_induced_hysteresis,target_accuracy,checkpoint_source_accuracy,return_accuracy
normalization_ablation_v1_cifar10_s00_source_ABA_bn_affine_frozen_stats_p1_lr0.001_v1,cifar10,source,A-B-A,0,bn_affine_frozen_stats,0.0,0.0,0.5926,0.86,0.86
normalization_ablation_v1_cifar10_s00_source_ABA_bn_affine_running_stats_p1_lr0.001_v1,cifar10,source,A-B-A,0,bn_affine_running_stats,0.0,0.0,0.5926,0.86,0.86
normalization_ablation_v1_cifar10_s00_source_ABA_groupnorm_checkpoint_p1_lr0.001_v1,cifar10,source,A-B-A,0,groupnorm_checkpoint,0.0,0.0,0.1,0.1,0.1
normalization_ablation_v1_cifar10_s00_source_ABA_layernorm_checkpoint_p1_lr0.001_v1,cifar10,source,A-B-A,0,layernorm_checkpoint,0.0,0.0,0.1,0.1,0.1
normalization_ablation_v1_cifar10_s00_source_ABA_source_eval_p1_lr0.001_v1,cifar10,source,A-B-A,0,source_eval,0.0,0.0,0.5926,0.86,0.86
normalization_ablation_v1_cifar10_s00_source_ABA_train_eval_policy_variant_p1_lr0.001_v1,cifar10,source,A-B-A,0,train_eval_policy_variant,0.0,0.0,0.5926,0.86,0.86
normalization_ablation_v1_cifar10_s00_source_ABCA_bn_affine_frozen_stats_p1_lr0.001_v1,cifar10,source,A-B-C-A,0,bn_affine_frozen_stats,0.0,0.0,0.66785,0.86,0.86
normalization_ablation_v1_cifar10_s00_source_ABCA_bn_affine_running_stats_p1_lr0.001_v1,cifar10,source,A-B-C-A,0,bn_affine_running_stats,0.0,0.0,0.66785,0.86,0.86
normalization_ablation_v1_cifar10_s00_source_ABCA_groupnorm_checkpoint_p1_lr0.001_v1,cifar10,source,A-B-C-A,0,groupnorm_checkpoint,0.0,0.0,0.1,0.1,0.1
normalization_ablation_v1_cifar10_s00_source_ABCA_layernorm_checkpoint_p1_lr0.001_v1,cifar10,source,A-B-C-A,0,layernorm_checkpoint,0.0,0.0,0.1,0.1,0.1
normalization_ablation_v1_cifar10_s00_source_ABCA_source_eval_p1_lr0.001_v1,cifar10,source,A-B-C-A,0,source_eval,0.0,0.0,0.66785,0.86,0.86
normalization_ablation_v1_cifar10_s00_source_ABCA_train_eval_policy_variant_p1_lr0.001_v1,cifar10,source,A-B-C-A,0,train_eval_policy_variant,0.0,0.0,0.66785,0.86,0.86
normalization_ablation_v1_cifar10_s00_tent_ABA_bn_affine_frozen_stats_p1_lr0.001_v1,cifar10,tent,A-B-A,0,bn_affine_frozen_stats,0.007199999999999984,0.007199999999999984,0.57,0.86,0.8528
normalization_ablation_v1_cifar10_s00_tent_ABA_bn_affine_running_stats_p1_lr0.001_v1,cifar10,tent,A-B-A,0,bn_affine_running_stats,0.09909999999999997,0.09909999999999997,0.7617,0.86,0.7609
normalization_ablation_v1_cifar10_s00_tent_ABA_groupnorm_checkpoint_p1_lr0.001_v1,cifar10,tent,A-B-A,0,groupnorm_checkpoint,0.0,0.0,0.1,0.1,0.1
normalization_ablation_v1_cifar10_s00_tent_ABA_layernorm_checkpoint_p1_lr0.001_v1,cifar10,tent,A-B-A,0,layernorm_checkpoint,0.0,0.0,0.1,0.1,0.1
normalization_ablation_v1_cifar10_s00_tent_ABA_source_eval_p1_lr0.001_v1,cifar10,tent,A-B-A,0,source_eval,0.0,0.0,0.5926,0.86,0.86
normalization_ablation_v1_cifar10_s00_tent_ABA_train_eval_policy_variant_p1_lr0.001_v1,cifar10,tent,A-B-A,0,train_eval_policy_variant,0.007199999999999984,0.007199999999999984,0.57,0.86,0.8528
normalization_ablation_v1_cifar10_s00_tent_ABCA_bn_affine_frozen_stats_p1_lr0.001_v1,cifar10,tent,A-B-C-A,0,bn_affine_frozen_stats,0.0048000000000000265,0.0048000000000000265,0.656,0.86,0.8552
normalization_ablation_v1_cifar10_s00_tent_ABCA_bn_affine_running_stats_p1_lr0.001_v1,cifar10,tent,A-B-C-A,0,bn_affine_running_stats,0.008900000000000019,0.008900000000000019,0.7581,0.86,0.8511
normalization_ablation_v1_cifar10_s00_tent_ABCA_groupnorm_checkpoint_p1_lr0.001_v1,cifar10,tent,A-B-C-A,0,groupnorm_checkpoint,0.0,0.0,0.1,0.1,0.1
normalization_ablation_v1_cifar10_s00_tent_ABCA_layernorm_checkpoint_p1_lr0.001_v1,cifar10,tent,A-B-C-A,0,layernorm_checkpoint,0.0,0.0,0.1,0.1,0.1
normalization_ablation_v1_cifar10_s00_tent_ABCA_source_eval_p1_lr0.001_v1,cifar10,tent,A-B-C-A,0,source_eval,0.0,0.0,0.66785,0.86,0.86
normalization_ablation_v1_cifar10_s00_tent_ABCA_train_eval_policy_variant_p1_lr0.001_v1,cifar10,tent,A-B-C-A,0,train_eval_policy_variant,0.0048000000000000265,0.0048000000000000265,0.656,0.86,0.8552
normalization_ablation_v1_cifar10_s01_source_ABA_bn_affine_frozen_stats_p1_lr0.001_v1,cifar10,source,A-B-A,1,bn_affine_frozen_stats,0.0,0.0,0.5894,0.8664,0.8664
normalization_ablation_v1_cifar10_s01_source_ABA_bn_affine_running_stats_p1_lr0.001_v1,cifar10,source,A-B-A,1,bn_affine_running_stats,0.0,0.0,0.5894,0.8664,0.8664
normalization_ablation_v1_cifar10_s01_source_ABA_groupnorm_checkpoint_p1_lr0.001_v1,cifar10,source,A-B-A,1,groupnorm_checkpoint,0.0,0.0,0.1,0.1,0.1
normalization_ablation_v1_cifar10_s01_source_ABA_layernorm_checkpoint_p1_lr0.001_v1,cifar10,source,A-B-A,1,layernorm_checkpoint,0.0,0.0,0.1,0.1,0.1
normalization_ablation_v1_cifar10_s01_source_ABA_source_eval_p1_lr0.001_v1,cifar10,source,A-B-A,1,source_eval,0.0,0.0,0.5894,0.8664,0.8664
normalization_ablation_v1_cifar10_s01_source_ABA_train_eval_policy_variant_p1_lr0.001_v1,cifar10,source,A-B-A,1,train_eval_policy_variant,0.0,0.0,0.5894,0.8664,0.8664
normalization_ablation_v1_cifar10_s01_source_ABCA_bn_affine_frozen_stats_p1_lr0.001_v1,cifar10,source,A-B-C-A,1,bn_affine_frozen_stats,0.0,0.0,0.6779,0.8664,0.8664
normalization_ablation_v1_cifar10_s01_source_ABCA_bn_affine_running_stats_p1_lr0.001_v1,cifar10,source,A-B-C-A,1,bn_affine_running_stats,0.0,0.0,0.6779,0.8664,0.8664
normalization_ablation_v1_cifar10_s01_source_ABCA_groupnorm_checkpoint_p1_lr0.001_v1,cifar10,source,A-B-C-A,1,groupnorm_checkpoint,0.0,0.0,0.1,0.1,0.1
normalization_ablation_v1_cifar10_s01_source_ABCA_layernorm_checkpoint_p1_lr0.001_v1,cifar10,source,A-B-C-A,1,layernorm_checkpoint,0.0,0.0,0.1,0.1,0.1
normalization_ablation_v1_cifar10_s01_source_ABCA_source_eval_p1_lr0.001_v1,cifar10,source,A-B-C-A,1,source_eval,0.0,0.0,0.6779,0.8664,0.8664
normalization_ablation_v1_cifar10_s01_source_ABCA_train_eval_policy_variant_p1_lr0.001_v1,cifar10,source,A-B-C-A,1,train_eval_policy_variant,0.0,0.0,0.6779,0.8664,0.8664
normalization_ablation_v1_cifar10_s01_tent_ABA_bn_affine_frozen_stats_p1_lr0.001_v1,cifar10,tent,A-B-A,1,bn_affine_frozen_stats,0.007899999999999907,0.007899999999999907,0.5649,0.8664,0.8585
normalization_ablation_v1_cifar10_s01_tent_ABA_bn_affine_running_stats_p1_lr0.001_v1,cifar10,tent,A-B-A,1,bn_affine_running_stats,0.10639999999999994,0.10639999999999994,0.7589,0.8664,0.76
normalization_ablation_v1_cifar10_s01_tent_ABA_groupnorm_checkpoint_p1_lr0.001_v1,cifar10,tent,A-B-A,1,groupnorm_checkpoint,0.0,0.0,0.1,0.1,0.1
normalization_ablation_v1_cifar10_s01_tent_ABA_layernorm_checkpoint_p1_lr0.001_v1,cifar10,tent,A-B-A,1,layernorm_checkpoint,0.0,0.0,0.1,0.1,0.1
normalization_ablation_v1_cifar10_s01_tent_ABA_source_eval_p1_lr0.001_v1,cifar10,tent,A-B-A,1,source_eval,0.0,0.0,0.5894,0.8664,0.8664
normalization_ablation_v1_cifar10_s01_tent_ABA_train_eval_policy_variant_p1_lr0.001_v1,cifar10,tent,A-B-A,1,train_eval_policy_variant,0.007899999999999907,0.007899999999999907,0.5649,0.8664,0.8585
normalization_ablation_v1_cifar10_s01_tent_ABCA_bn_affine_frozen_stats_p1_lr0.001_v1,cifar10,tent,A-B-C-A,1,bn_affine_frozen_stats,0.007099999999999995,0.007099999999999995,0.6636,0.8664,0.8593
normalization_ablation_v1_cifar10_s01_tent_ABCA_bn_affine_running_stats_p1_lr0.001_v1,cifar10,tent,A-B-C-A,1,bn_affine_running_stats,0.006799999999999917,0.006799999999999917,0.76435,0.8664,0.8596
normalization_ablation_v1_cifar10_s01_tent_ABCA_groupnorm_checkpoint_p1_lr0.001_v1,cifar10,tent,A-B-C-A,1,groupnorm_checkpoint,0.0,0.0,0.1,0.1,0.1
normalization_ablation_v1_cifar10_s01_tent_ABCA_layernorm_checkpoint_p1_lr0.001_v1,cifar10,tent,A-B-C-A,1,layernorm_checkpoint,0.0,0.0,0.1,0.1,0.1
normalization_ablation_v1_cifar10_s01_tent_ABCA_source_eval_p1_lr0.001_v1,cifar10,tent,A-B-C-A,1,source_eval,0.0,0.0,0.6779,0.8664,0.8664
normalization_ablation_v1_cifar10_s01_tent_ABCA_train_eval_policy_variant_p1_lr0.001_v1,cifar10,tent,A-B-C-A,1,train_eval_policy_variant,0.007099999999999995,0.007099999999999995,0.6636,0.8664,0.8593
normalization_ablation_v1_cifar10_s02_source_ABA_bn_affine_frozen_stats_p1_lr0.001_v1,cifar10,source,A-B-A,2,bn_affine_frozen_stats,0.0,0.0,0.5966,0.8696,0.8696
normalization_ablation_v1_cifar10_s02_source_ABA_bn_affine_running_stats_p1_lr0.001_v1,cifar10,source,A-B-A,2,bn_affine_running_stats,0.0,0.0,0.5966,0.8696,0.8696
normalization_ablation_v1_cifar10_s02_source_ABA_groupnorm_checkpoint_p1_lr0.001_v1,cifar10,source,A-B-A,2,groupnorm_checkpoint,0.0,0.0,0.1,0.1003,0.1003
normalization_ablation_v1_cifar10_s02_source_ABA_layernorm_checkpoint_p1_lr0.001_v1,cifar10,source,A-B-A,2,layernorm_checkpoint,0.0,0.0,0.1009,0.1146,0.1146
normalization_ablation_v1_cifar10_s02_source_ABA_source_eval_p1_lr0.001_v1,cifar10,source,A-B-A,2,source_eval,0.0,0.0,0.5966,0.8696,0.8696
normalization_ablation_v1_cifar10_s02_source_ABA_train_eval_policy_variant_p1_lr0.001_v1,cifar10,source,A-B-A,2,train_eval_policy_variant,0.0,0.0,0.5966,0.8696,0.8696
normalization_ablation_v1_cifar10_s02_source_ABCA_bn_affine_frozen_stats_p1_lr0.001_v1,cifar10,source,A-B-C-A,2,bn_affine_frozen_stats,0.0,0.0,0.67585,0.8696,0.8696
normalization_ablation_v1_cifar10_s02_source_ABCA_bn_affine_running_stats_p1_lr0.001_v1,cifar10,source,A-B-C-A,2,bn_affine_running_stats,0.0,0.0,0.67585,0.8696,0.8696
normalization_ablation_v1_cifar10_s02_source_ABCA_groupnorm_checkpoint_p1_lr0.001_v1,cifar10,source,A-B-C-A,2,groupnorm_checkpoint,0.0,0.0,0.10005,0.1003,0.1003
normalization_ablation_v1_cifar10_s02_source_ABCA_layernorm_checkpoint_p1_lr0.001_v1,cifar10,source,A-B-C-A,2,layernorm_checkpoint,0.0,0.0,0.1024,0.1146,0.1146
normalization_ablation_v1_cifar10_s02_source_ABCA_source_eval_p1_lr0.001_v1,cifar10,source,A-B-C-A,2,source_eval,0.0,0.0,0.67585,0.8696,0.8696
normalization_ablation_v1_cifar10_s02_source_ABCA_train_eval_policy_variant_p1_lr0.001_v1,cifar10,source,A-B-C-A,2,train_eval_policy_variant,0.0,0.0,0.67585,0.8696,0.8696
normalization_ablation_v1_cifar10_s02_tent_ABA_bn_affine_frozen_stats_p1_lr0.001_v1,cifar10,tent,A-B-A,2,bn_affine_frozen_stats,0.008199999999999985,0.008199999999999985,0.568,0.8696,0.8614
normalization_ablation_v1_cifar10_s02_tent_ABA_bn_affine_running_stats_p1_lr0.001_v1,cifar10,tent,A-B-A,2,bn_affine_running_stats,0.11440000000000006,0.11440000000000006,0.7552,0.8696,0.7552
normalization_ablation_v1_cifar10_s02_tent_ABA_groupnorm_checkpoint_p1_lr0.001_v1,cifar10,tent,A-B-A,2,groupnorm_checkpoint,0.0002999999999999947,0.0002999999999999947,0.1,0.1003,0.1
normalization_ablation_v1_cifar10_s02_tent_ABA_layernorm_checkpoint_p1_lr0.001_v1,cifar10,tent,A-B-A,2,layernorm_checkpoint,0.014599999999999988,0.014599999999999988,0.1,0.1146,0.1
normalization_ablation_v1_cifar10_s02_tent_ABA_source_eval_p1_lr0.001_v1,cifar10,tent,A-B-A,2,source_eval,0.0,0.0,0.5966,0.8696,0.8696
normalization_ablation_v1_cifar10_s02_tent_ABA_train_eval_policy_variant_p1_lr0.001_v1,cifar10,tent,A-B-A,2,train_eval_policy_variant,0.008199999999999985,0.008199999999999985,0.568,0.8696,0.8614
normalization_ablation_v1_cifar10_s02_tent_ABCA_bn_affine_frozen_stats_p1_lr0.001_v1,cifar10,tent,A-B-C-A,2,bn_affine_frozen_stats,0.007500000000000062,0.007500000000000062,0.66185,0.8696,0.8621
normalization_ablation_v1_cifar10_s02_tent_ABCA_bn_affine_running_stats_p1_lr0.001_v1,cifar10,tent,A-B-C-A,2,bn_affine_running_stats,0.011199999999999988,0.011199999999999988,0.75585,0.8696,0.8584
normalization_ablation_v1_cifar10_s02_tent_ABCA_groupnorm_checkpoint_p1_lr0.001_v1,cifar10,tent,A-B-C-A,2,groupnorm_checkpoint,0.0002999999999999947,0.0002999999999999947,0.1,0.1003,0.1
normalization_ablation_v1_cifar10_s02_tent_ABCA_layernorm_checkpoint_p1_lr0.001_v1,cifar10,tent,A-B-C-A,2,layernorm_checkpoint,0.014599999999999988,0.014599999999999988,0.1,0.1146,0.1
normalization_ablation_v1_cifar10_s02_tent_ABCA_source_eval_p1_lr0.001_v1,cifar10,tent,A-B-C-A,2,source_eval,0.0,0.0,0.67585,0.8696,0.8696
normalization_ablation_v1_cifar10_s02_tent_ABCA_train_eval_policy_variant_p1_lr0.001_v1,cifar10,tent,A-B-C-A,2,train_eval_policy_variant,0.007500000000000062,0.007500000000000062,0.66185,0.8696,0.8621
normalization_ablation_v1_cifar10_s03_source_ABA_bn_affine_frozen_stats_p1_lr0.001_v1,cifar10,source,A-B-A,3,bn_affine_frozen_stats,0.0,0.0,0.5912,0.8663,0.8663
normalization_ablation_v1_cifar10_s03_source_ABA_bn_affine_running_stats_p1_lr0.001_v1,cifar10,source,A-B-A,3,bn_affine_running_stats,0.0,0.0,0.5912,0.8663,0.8663
normalization_ablation_v1_cifar10_s03_source_ABA_groupnorm_checkpoint_p1_lr0.001_v1,cifar10,source,A-B-A,3,groupnorm_checkpoint,0.0,0.0,0.1,0.1,0.1
normalization_ablation_v1_cifar10_s03_source_ABA_layernorm_checkpoint_p1_lr0.001_v1,cifar10,source,A-B-A,3,layernorm_checkpoint,0.0,0.0,0.1,0.1,0.1
normalization_ablation_v1_cifar10_s03_source_ABA_source_eval_p1_lr0.001_v1,cifar10,source,A-B-A,3,source_eval,0.0,0.0,0.5912,0.8663,0.8663
normalization_ablation_v1_cifar10_s03_source_ABA_train_eval_policy_variant_p1_lr0.001_v1,cifar10,source,A-B-A,3,train_eval_policy_variant,0.0,0.0,0.5912,0.8663,0.8663
normalization_ablation_v1_cifar10_s03_source_ABCA_bn_affine_frozen_stats_p1_lr0.001_v1,cifar10,source,A-B-C-A,3,bn_affine_frozen_stats,0.0,0.0,0.6748,0.8663,0.8663
normalization_ablation_v1_cifar10_s03_source_ABCA_bn_affine_running_stats_p1_lr0.001_v1,cifar10,source,A-B-C-A,3,bn_affine_running_stats,0.0,0.0,0.6748,0.8663,0.8663
normalization_ablation_v1_cifar10_s03_source_ABCA_groupnorm_checkpoint_p1_lr0.001_v1,cifar10,source,A-B-C-A,3,groupnorm_checkpoint,0.0,0.0,0.1,0.1,0.1
normalization_ablation_v1_cifar10_s03_source_ABCA_layernorm_checkpoint_p1_lr0.001_v1,cifar10,source,A-B-C-A,3,layernorm_checkpoint,0.0,0.0,0.1,0.1,0.1
normalization_ablation_v1_cifar10_s03_source_ABCA_source_eval_p1_lr0.001_v1,cifar10,source,A-B-C-A,3,source_eval,0.0,0.0,0.6748,0.8663,0.8663
normalization_ablation_v1_cifar10_s03_source_ABCA_train_eval_policy_variant_p1_lr0.001_v1,cifar10,source,A-B-C-A,3,train_eval_policy_variant,0.0,0.0,0.6748,0.8663,0.8663
normalization_ablation_v1_cifar10_s03_tent_ABA_bn_affine_frozen_stats_p1_lr0.001_v1,cifar10,tent,A-B-A,3,bn_affine_frozen_stats,0.008299999999999974,0.008299999999999974,0.5797,0.8663,0.858
normalization_ablation_v1_cifar10_s03_tent_ABA_bn_affine_running_stats_p1_lr0.001_v1,cifar10,tent,A-B-A,3,bn_affine_running_stats,0.1149,0.1149,0.7509,0.8663,0.7514
normalization_ablation_v1_cifar10_s03_tent_ABA_groupnorm_checkpoint_p1_lr0.001_v1,cifar10,tent,A-B-A,3,groupnorm_checkpoint,0.0,0.0,0.1,0.1,0.1
normalization_ablation_v1_cifar10_s03_tent_ABA_layernorm_checkpoint_p1_lr0.001_v1,cifar10,tent,A-B-A,3,layernorm_checkpoint,0.0,0.0,0.1,0.1,0.1
normalization_ablation_v1_cifar10_s03_tent_ABA_source_eval_p1_lr0.001_v1,cifar10,tent,A-B-A,3,source_eval,0.0,0.0,0.5912,0.8663,0.8663
normalization_ablation_v1_cifar10_s03_tent_ABA_train_eval_policy_variant_p1_lr0.001_v1,cifar10,tent,A-B-A,3,train_eval_policy_variant,0.008299999999999974,0.008299999999999974,0.5797,0.8663,0.858
normalization_ablation_v1_cifar10_s03_tent_ABCA_bn_affine_frozen_stats_p1_lr0.001_v1,cifar10,tent,A-B-C-A,3,bn_affine_frozen_stats,0.006399999999999961,0.006399999999999961,0.6666,0.8663,0.8599
normalization_ablation_v1_cifar10_s03_tent_ABCA_bn_affine_running_stats_p1_lr0.001_v1,cifar10,tent,A-B-C-A,3,bn_affine_running_stats,0.01100000000000001,0.01100000000000001,0.75525,0.8663,0.8553
normalization_ablation_v1_cifar10_s03_tent_ABCA_groupnorm_checkpoint_p1_lr0.001_v1,cifar10,tent,A-B-C-A,3,groupnorm_checkpoint,0.0,0.0,0.1,0.1,0.1
normalization_ablation_v1_cifar10_s03_tent_ABCA_layernorm_checkpoint_p1_lr0.001_v1,cifar10,tent,A-B-C-A,3,layernorm_checkpoint,0.0,0.0,0.1,0.1,0.1
normalization_ablation_v1_cifar10_s03_tent_ABCA_source_eval_p1_lr0.001_v1,cifar10,tent,A-B-C-A,3,source_eval,0.0,0.0,0.6748,0.8663,0.8663
normalization_ablation_v1_cifar10_s03_tent_ABCA_train_eval_policy_variant_p1_lr0.001_v1,cifar10,tent,A-B-C-A,3,train_eval_policy_variant,0.006399999999999961,0.006399999999999961,0.6666,0.8663,0.8599
normalization_ablation_v1_cifar10_s04_source_ABA_bn_affine_frozen_stats_p1_lr0.001_v1,cifar10,source,A-B-A,4,bn_affine_frozen_stats,0.0,0.0,0.6174,0.8569,0.8569
normalization_ablation_v1_cifar10_s04_source_ABA_bn_affine_running_stats_p1_lr0.001_v1,cifar10,source,A-B-A,4,bn_affine_running_stats,0.0,0.0,0.6174,0.8569,0.8569
normalization_ablation_v1_cifar10_s04_source_ABA_groupnorm_checkpoint_p1_lr0.001_v1,cifar10,source,A-B-A,4,groupnorm_checkpoint,0.0,0.0,0.1,0.1006,0.1006
normalization_ablation_v1_cifar10_s04_source_ABA_layernorm_checkpoint_p1_lr0.001_v1,cifar10,source,A-B-A,4,layernorm_checkpoint,0.0,0.0,0.1,0.1,0.1
normalization_ablation_v1_cifar10_s04_source_ABA_source_eval_p1_lr0.001_v1,cifar10,source,A-B-A,4,source_eval,0.0,0.0,0.6174,0.8569,0.8569
normalization_ablation_v1_cifar10_s04_source_ABA_train_eval_policy_variant_p1_lr0.001_v1,cifar10,source,A-B-A,4,train_eval_policy_variant,0.0,0.0,0.6174,0.8569,0.8569
normalization_ablation_v1_cifar10_s04_source_ABCA_bn_affine_frozen_stats_p1_lr0.001_v1,cifar10,source,A-B-C-A,4,bn_affine_frozen_stats,0.0,0.0,0.6718,0.8569,0.8569
normalization_ablation_v1_cifar10_s04_source_ABCA_bn_affine_running_stats_p1_lr0.001_v1,cifar10,source,A-B-C-A,4,bn_affine_running_stats,0.0,0.0,0.6718,0.8569,0.8569
normalization_ablation_v1_cifar10_s04_source_ABCA_groupnorm_checkpoint_p1_lr0.001_v1,cifar10,source,A-B-C-A,4,groupnorm_checkpoint,0.0,0.0,0.1003,0.1006,0.1006
normalization_ablation_v1_cifar10_s04_source_ABCA_layernorm_checkpoint_p1_lr0.001_v1,cifar10,source,A-B-C-A,4,layernorm_checkpoint,0.0,0.0,0.1,0.1,0.1
normalization_ablation_v1_cifar10_s04_source_ABCA_source_eval_p1_lr0.001_v1,cifar10,source,A-B-C-A,4,source_eval,0.0,0.0,0.6718,0.8569,0.8569
normalization_ablation_v1_cifar10_s04_source_ABCA_train_eval_policy_variant_p1_lr0.001_v1,cifar10,source,A-B-C-A,4,train_eval_policy_variant,0.0,0.0,0.6718,0.8569,0.8569
normalization_ablation_v1_cifar10_s04_tent_ABA_bn_affine_frozen_stats_p1_lr0.001_v1,cifar10,tent,A-B-A,4,bn_affine_frozen_stats,0.0018000000000000238,0.0018000000000000238,0.6176,0.8569,0.8551
normalization_ablation_v1_cifar10_s04_tent_ABA_bn_affine_running_stats_p1_lr0.001_v1,cifar10,tent,A-B-A,4,bn_affine_running_stats,0.12380000000000002,0.12380000000000002,0.7633,0.8569,0.7331
normalization_ablation_v1_cifar10_s04_tent_ABA_groupnorm_checkpoint_p1_lr0.001_v1,cifar10,tent,A-B-A,4,groupnorm_checkpoint,0.0005999999999999894,0.0005999999999999894,0.1,0.1006,0.1
normalization_ablation_v1_cifar10_s04_tent_ABA_layernorm_checkpoint_p1_lr0.001_v1,cifar10,tent,A-B-A,4,layernorm_checkpoint,0.0,0.0,0.1,0.1,0.1
normalization_ablation_v1_cifar10_s04_tent_ABA_source_eval_p1_lr0.001_v1,cifar10,tent,A-B-A,4,source_eval,0.0,0.0,0.6174,0.8569,0.8569
normalization_ablation_v1_cifar10_s04_tent_ABA_train_eval_policy_variant_p1_lr0.001_v1,cifar10,tent,A-B-A,4,train_eval_policy_variant,0.0018000000000000238,0.0018000000000000238,0.6176,0.8569,0.8551
normalization_ablation_v1_cifar10_s04_tent_ABCA_bn_affine_frozen_stats_p1_lr0.001_v1,cifar10,tent,A-B-C-A,4,bn_affine_frozen_stats,0.0019000000000000128,0.0019000000000000128,0.6733,0.8569,0.855
normalization_ablation_v1_cifar10_s04_tent_ABCA_bn_affine_running_stats_p1_lr0.001_v1,cifar10,tent,A-B-C-A,4,bn_affine_running_stats,0.014499999999999957,0.014499999999999957,0.7519,0.8569,0.8424
normalization_ablation_v1_cifar10_s04_tent_ABCA_groupnorm_checkpoint_p1_lr0.001_v1,cifar10,tent,A-B-C-A,4,groupnorm_checkpoint,0.0005999999999999894,0.0005999999999999894,0.1,0.1006,0.1
normalization_ablation_v1_cifar10_s04_tent_ABCA_layernorm_checkpoint_p1_lr0.001_v1,cifar10,tent,A-B-C-A,4,layernorm_checkpoint,0.0,0.0,0.1,0.1,0.1
normalization_ablation_v1_cifar10_s04_tent_ABCA_source_eval_p1_lr0.001_v1,cifar10,tent,A-B-C-A,4,source_eval,0.0,0.0,0.6718,0.8569,0.8569
normalization_ablation_v1_cifar10_s04_tent_ABCA_train_eval_policy_variant_p1_lr0.001_v1,cifar10,tent,A-B-C-A,4,train_eval_policy_variant,0.0019000000000000128,0.0019000000000000128,0.6733,0.8569,0.855
